model,alg,workers,buchi,ltl,time,date,sccs,ustates,utrans,tstates,ttrans,selfloop,claimdead,claimfound,claimsuccess,cumstack,buchisize,scclist

BridgeAndVehicles-PT-V10P10N10_LTLF_1_F_,ufscc,64,spotba,87,0.750,2016-07-15.00:42:50,13618,15795,49946,45745,145529,2,55690,0,45745,4092,4,-1
BridgeAndVehicles-PT-V20P10N10_LTLF_4_F_,ufscc,64,spotba,171,1.380,2016-07-15.00:42:56,80306,84009,262604,122725,392353,4,210218,0,122725,6518,2,-1
BridgeAndVehicles-PT-V20P10N10_LTLS_1_F_,ufscc,64,spotba,178,1.430,2016-07-15.00:43:04,112755,117237,370845,151675,487697,1,286808,0,151675,6909,1,-1
BridgeAndVehicles-PT-V20P20N10_LTLF_13_F_,ufscc,64,spotba,171,1.390,2016-07-15.00:43:16,77910,81370,254989,139267,444342,1,229058,0,139267,6245,2,-1
BridgeAndVehicles-PT-V20P20N10_LTLF_2_F_,ufscc,64,spotba,178,1.390,2016-07-15.00:43:22,82012,86005,269473,123527,403181,1,222203,0,123527,6406,2,-1
BridgeAndVehicles-PT-V20P20N10_LTLF_6_F_,ufscc,64,spotba,178,1.390,2016-07-15.00:43:28,82347,87206,273349,114518,361624,2,206644,0,114518,7572,3,-1
BridgeAndVehicles-PT-V20P20N10_LTLF_7_F_,ufscc,64,spotba,171,0.840,2016-07-15.00:43:34,12561,16143,39198,24283,61025,1,20794,0,24283,4818,5,-1
BridgeAndVehicles-PT-V20P20N10_LTLS_10_F_,ufscc,64,spotba,181,1.240,2016-07-15.00:43:40,43118,46541,138638,58252,177629,1,98567,0,58252,5234,1,-1
BridgeAndVehicles-PT-V20P20N10_LTLS_8_F_,ufscc,64,spotba,178,1.390,2016-07-15.00:43:46,90202,94558,298406,131098,423791,2,239724,0,131098,6794,1,-1
CircularTrains-PT-048_LTLF_11_F_,ufscc,64,spotba,215,0.830,2016-07-15.00:44:08,0,2254,23281,2374,25265,0,0,1,2374,2374,2,-1
CircularTrains-PT-048_LTLF_15_F_,ufscc,64,spotba,219,1.420,2016-07-15.00:44:11,0,11662,63144,11808,65187,0,0,1,11808,11808,3,-1
CircularTrains-PT-048_LTLF_1_F_,ufscc,64,spotba,226,1.430,2016-07-15.00:44:14,0,10590,59800,10726,61863,0,0,1,10726,10726,2,-1
CircularTrains-PT-048_LTLF_2_F_,ufscc,64,spotba,216,1.420,2016-07-15.00:44:17,0,10365,58925,10489,60973,0,0,1,10489,10489,2,-1
CircularTrains-PT-048_LTLF_6_F_,ufscc,64,spotba,214,1.500,2016-07-15.00:44:21,0,11056,61874,11183,63827,0,0,2,11183,11183,10,-1
CircularTrains-PT-048_LTLF_7_F_,ufscc,64,spotba,229,1.440,2016-07-15.00:44:24,0,11686,62454,11832,64577,0,0,1,11832,11832,2,-1
CircularTrains-PT-048_LTLF_8_F_,ufscc,64,spotba,238,1.320,2016-07-15.00:44:28,0,8737,54843,8866,56890,0,0,1,8866,8866,2,-1
Diffusion2D-PT-D05N100_LTLS_1_F_,ufscc,64,spotba,104,0.600,2016-07-15.00:44:35,0,3338,69155,4355,84924,0,0,5658,4355,4355,2,-1
Diffusion2D-PT-D05N100_LTLS_2_F_,ufscc,64,spotba,106,0.730,2016-07-15.00:44:37,0,4717,102404,5153,109133,0,0,6687,5153,5153,2,-1
Diffusion2D-PT-D05N100_LTLS_4_F_,ufscc,64,spotba,111,0.680,2016-07-15.00:44:40,0,5034,109170,5600,118957,0,0,7607,5595,5595,2,-1
Diffusion2D-PT-D05N150_LTLS_0_F_,ufscc,64,spotba,175,0.780,2016-07-15.00:44:42,0,7569,165376,7923,170747,0,0,10620,7921,7921,2,-1
Diffusion2D-PT-D05N150_LTLS_1_F_,ufscc,64,spotba,154,0.680,2016-07-15.00:44:45,0,6484,137445,7966,161183,0,0,11436,7966,7966,2,-1
Diffusion2D-PT-D05N150_LTLS_2_F_,ufscc,64,spotba,154,0.650,2016-07-15.00:44:47,0,5640,116590,7277,142485,0,0,9305,7275,7275,2,-1
Diffusion2D-PT-D05N150_LTLS_3_F_,ufscc,64,spotba,154,0.660,2016-07-15.00:44:50,0,5319,112567,6492,131268,0,0,7810,6486,6486,2,-1
Diffusion2D-PT-D05N150_LTLS_4_F_,ufscc,64,spotba,154,0.700,2016-07-15.00:44:52,0,5249,112628,5589,118194,0,0,7912,5569,5569,2,-1
Diffusion2D-PT-D05N150_LTLS_5_F_,ufscc,64,spotba,154,0.650,2016-07-15.00:44:55,0,5590,114203,7101,137967,0,0,8933,7100,7100,2,-1
Diffusion2D-PT-D05N150_LTLS_6_F_,ufscc,64,spotba,154,0.680,2016-07-15.00:44:57,0,5562,118661,6474,132871,0,0,9333,6473,6473,2,-1
Diffusion2D-PT-D05N150_LTLS_7_F_,ufscc,64,spotba,154,0.670,2016-07-15.00:45:00,0,6296,132109,7517,151335,0,0,9614,7517,7517,2,-1
Diffusion2D-PT-D05N150_LTLS_8_F_,ufscc,64,spotba,154,0.700,2016-07-15.00:45:02,0,6618,145291,6923,150527,0,0,10052,6923,6923,2,-1
Diffusion2D-PT-D05N150_LTLS_9_F_,ufscc,64,spotba,154,0.690,2016-07-15.00:45:05,0,6132,133247,6904,145627,0,0,8886,6904,6904,2,-1
Diffusion2D-PT-D05N200_LTLS_0_F_,ufscc,64,spotba,210,0.700,2016-07-15.00:45:07,0,9018,188752,10808,218337,0,0,14868,10808,10808,2,-1
Diffusion2D-PT-D05N200_LTLS_1_F_,ufscc,64,spotba,204,0.680,2016-07-15.00:45:10,0,7252,161339,7700,168997,0,0,10433,7654,7654,2,-1
Diffusion2D-PT-D05N200_LTLS_2_F_,ufscc,64,spotba,215,0.730,2016-07-15.00:45:12,0,9430,215410,10013,227354,0,0,13938,9977,9977,2,-1
Diffusion2D-PT-D05N250_LTLF_1_F_,ufscc,64,spotba,263,0.710,2016-07-15.00:45:15,0,11114,237510,12942,266395,0,0,16838,12942,12942,4,-1
Diffusion2D-PT-D05N250_LTLF_6_F_,ufscc,64,spotba,257,0.720,2016-07-15.00:45:17,0,12557,266276,13867,287302,0,0,19489,13867,13867,2,-1
Diffusion2D-PT-D05N250_LTLS_0_F_,ufscc,64,spotba,256,0.730,2016-07-15.00:45:20,0,10383,221337,13065,264068,0,0,17183,13065,13065,2,-1
Diffusion2D-PT-D05N250_LTLS_1_F_,ufscc,64,spotba,255,0.690,2016-07-15.00:45:22,0,12039,256722,13213,276017,0,0,18723,13212,13212,2,-1
Diffusion2D-PT-D05N250_LTLS_2_F_,ufscc,64,spotba,255,0.700,2016-07-15.00:45:25,0,12008,260403,12649,270832,0,0,17344,12649,12649,2,-1
Diffusion2D-PT-D05N250_LTLS_3_F_,ufscc,64,spotba,254,0.710,2016-07-15.00:45:27,0,11221,237195,13063,266484,0,0,17400,13063,13063,2,-1
Diffusion2D-PT-D05N250_LTLS_4_F_,ufscc,64,spotba,283,0.760,2016-07-15.00:45:29,0,12138,267291,12648,275109,0,0,16416,12645,12645,2,-1
Diffusion2D-PT-D05N300_LTLS_0_F_,ufscc,64,spotba,304,0.710,2016-07-15.00:45:32,0,12800,261949,14470,288316,0,0,18103,14470,14470,2,-1
Diffusion2D-PT-D05N300_LTLS_1_F_,ufscc,64,spotba,310,0.720,2016-07-15.00:45:35,0,12739,270681,15142,309007,0,0,20630,15142,15142,2,-1
Diffusion2D-PT-D05N350_LTLS_0_F_,ufscc,64,spotba,364,0.730,2016-07-15.00:45:38,0,16338,352853,17075,364437,0,0,23603,17075,17075,2,-1
Diffusion2D-PT-D05N350_LTLS_1_F_,ufscc,64,spotba,366,0.710,2016-07-15.00:45:40,0,17380,379105,17859,386622,0,0,22921,17850,17850,2,-1
Diffusion2D-PT-D05N350_LTLS_2_F_,ufscc,64,spotba,354,0.680,2016-07-15.00:45:43,0,17798,382859,18481,393339,0,0,26032,18466,18466,2,-1
Diffusion2D-PT-D10N150_LTLS_0_F_,ufscc,64,spotba,156,1.560,2016-07-15.00:46:00,0,5079,117488,6523,140208,0,0,8843,6523,6523,2,-1
Diffusion2D-PT-D10N200_LTLF_0_F_,ufscc,64,spotba,208,1.920,2016-07-15.00:46:07,0,8564,203437,9573,220173,0,0,13124,9573,9573,2,-1
Diffusion2D-PT-D10N200_LTLS_0_F_,ufscc,64,spotba,204,1.610,2016-07-15.00:46:12,0,5268,121275,6606,142448,0,0,8228,6603,6603,2,-1
Diffusion2D-PT-D10N200_LTLS_1_F_,ufscc,64,spotba,204,1.760,2016-07-15.00:46:17,0,7574,175179,8839,195043,0,0,11875,8839,8839,2,-1
Eratosthenes-PT-050_LTLF_10_F_,ufscc,64,spotba,36,0.800,2016-07-15.00:46:27,0,1580,86280,1692,98105,1,0,0,1692,1692,2,-1
Eratosthenes-PT-050_LTLF_11_F_,ufscc,64,spotba,37,0.670,2016-07-15.00:46:30,0,872,64483,967,74621,1,0,0,967,967,3,-1
Eratosthenes-PT-050_LTLF_12_F_,ufscc,64,spotba,36,0.770,2016-07-15.00:46:33,0,1629,83531,1731,94364,1,0,0,1731,1731,2,-1
Eratosthenes-PT-050_LTLF_13_F_,ufscc,64,spotba,36,0.750,2016-07-15.00:46:35,0,1314,86141,1409,96484,1,0,0,1409,1409,2,-1
Eratosthenes-PT-050_LTLF_14_F_,ufscc,64,spotba,36,0.750,2016-07-15.00:46:38,0,1134,73115,1229,83273,1,0,0,1229,1229,2,-1
Eratosthenes-PT-050_LTLF_15_F_,ufscc,64,spotba,36,0.670,2016-07-15.00:46:40,32,843,55917,1055,72548,1,1376,0,1055,970,5,-1
Eratosthenes-PT-050_LTLF_1_F_,ufscc,64,spotba,36,0.740,2016-07-15.00:46:43,0,1380,79048,1484,90086,1,0,0,1484,1484,2,-1
Eratosthenes-PT-050_LTLF_4_F_,ufscc,64,spotba,36,0.740,2016-07-15.00:46:45,0,1264,76186,1363,86749,1,0,0,1363,1363,2,-1
Eratosthenes-PT-050_LTLF_9_F_,ufscc,64,spotba,36,0.780,2016-07-15.00:46:48,0,1275,80038,1382,91374,1,0,0,1382,1382,2,-1
Eratosthenes-PT-050_LTLS_0_F_,ufscc,64,spotba,36,0.780,2016-07-15.00:46:50,0,1664,83677,1768,94721,1,0,0,1768,1768,2,-1
Eratosthenes-PT-050_LTLS_1_F_,ufscc,64,spotba,36,0.790,2016-07-15.00:46:53,33,1444,73676,1721,91453,1,602,0,1721,1586,3,-1
Eratosthenes-PT-050_LTLS_2_F_,ufscc,64,spotba,36,0.710,2016-07-15.00:46:56,32,1122,66665,1373,82603,1,906,0,1373,1245,3,-1
Eratosthenes-PT-050_LTLS_5_F_,ufscc,64,spotba,36,0.700,2016-07-15.00:46:58,33,1143,67094,1376,84634,1,918,0,1376,1278,3,-1
Eratosthenes-PT-050_LTLS_6_F_,ufscc,64,spotba,36,0.620,2016-07-15.00:47:01,0,777,57847,878,68591,1,0,0,878,878,2,-1
Eratosthenes-PT-100_LTLF_10_F_,ufscc,64,spotba,76,1.920,2016-07-15.00:47:19,0,3632,492203,3719,516697,1,0,0,3719,3719,2,-1
Eratosthenes-PT-100_LTLF_11_F_,ufscc,64,spotba,76,1.930,2016-07-15.00:47:24,487,3004,605172,3093,630242,1,9,0,3093,2606,5,-1
Eratosthenes-PT-100_LTLF_12_F_,ufscc,64,spotba,76,1.910,2016-07-15.00:47:30,0,3584,492836,3676,518727,1,0,0,3676,3676,2,-1
Eratosthenes-PT-100_LTLF_13_F_,ufscc,64,spotba,76,1.850,2016-07-15.00:47:34,0,3242,498455,3327,522418,1,0,0,3327,3327,2,-1
Eratosthenes-PT-100_LTLF_15_F_,ufscc,64,spotba,76,1.880,2016-07-15.00:47:39,0,3774,496896,3865,522519,1,0,0,3865,3865,5,-1
Eratosthenes-PT-100_LTLF_2_F_,ufscc,64,spotba,76,1.860,2016-07-15.00:47:43,0,3643,492515,3730,517030,1,0,0,3730,3730,2,-1
Eratosthenes-PT-100_LTLF_3_F_,ufscc,64,spotba,76,1.920,2016-07-15.00:47:48,0,3675,493135,3761,517386,1,0,0,3761,3761,2,-1
Eratosthenes-PT-100_LTLF_4_F_,ufscc,64,spotba,76,1.840,2016-07-15.00:47:53,0,3455,503955,3533,525957,1,0,0,3533,3533,2,-1
Eratosthenes-PT-100_LTLF_6_F_,ufscc,64,spotba,76,1.880,2016-07-15.00:47:57,0,3411,505859,3500,531158,1,0,0,3500,3500,2,-1
Eratosthenes-PT-100_LTLF_8_F_,ufscc,64,spotba,76,1.920,2016-07-15.00:48:02,0,3659,510615,3745,534851,1,0,0,3745,3745,4,-1
Eratosthenes-PT-100_LTLF_9_F_,ufscc,64,spotba,76,1.930,2016-07-15.00:48:07,0,3931,508904,4019,533705,1,0,0,4019,4019,2,-1
Eratosthenes-PT-100_LTLS_10_F_,ufscc,64,spotba,76,1.900,2016-07-15.00:48:12,0,3765,495575,3850,519527,1,0,0,3850,3850,2,-1
Eratosthenes-PT-100_LTLS_11_F_,ufscc,64,spotba,76,1.880,2016-07-15.00:48:17,73,2998,449948,3283,491222,1,5712,0,3283,3072,3,-1
Eratosthenes-PT-100_LTLS_12_F_,ufscc,64,spotba,76,1.900,2016-07-15.00:48:22,0,3592,485671,3684,511526,1,0,0,3684,3684,2,-1
Eratosthenes-PT-100_LTLS_13_F_,ufscc,64,spotba,76,1.880,2016-07-15.00:48:27,73,3507,466105,3763,507852,1,1298,0,3763,3585,3,-1
Eratosthenes-PT-100_LTLS_14_F_,ufscc,64,spotba,76,1.930,2016-07-15.00:48:31,72,3690,477247,3957,517605,2,1501,0,3957,3764,3,-1
Eratosthenes-PT-100_LTLS_15_F_,ufscc,64,spotba,76,1.890,2016-07-15.00:48:36,0,3669,494225,3757,519018,1,0,0,3757,3757,2,-1
Eratosthenes-PT-100_LTLS_3_F_,ufscc,64,spotba,76,1.870,2016-07-15.00:48:41,0,3745,491588,3834,516360,2,0,0,3834,3834,2,-1
Eratosthenes-PT-100_LTLS_8_F_,ufscc,64,spotba,76,1.970,2016-07-15.00:48:46,0,3595,492369,3683,517154,1,0,0,3683,3683,2,-1
Eratosthenes-PT-100_LTLS_9_F_,ufscc,64,spotba,76,1.820,2016-07-15.00:48:50,0,2769,442987,2860,468576,1,0,0,2860,2860,2,-1
ERK-PT-001000_LTLF_13_F_,ufscc,64,spotba,1015,0.530,2016-07-15.00:48:52,0,45976,238794,47986,246287,0,0,48948,47899,47369,2,-1
ERK-PT-001000_LTLF_5_F_,ufscc,64,spotba,1013,0.530,2016-07-15.00:48:54,2,54190,461927,55567,470971,0,1,92461,55503,55400,4,-1
ERK-PT-001000_LTLF_9_F_,ufscc,64,spotba,1019,0.520,2016-07-15.00:48:56,0,43524,234835,44401,239075,0,0,43194,44331,44070,2,-1
ERK-PT-001000_LTLS_0_F_,ufscc,64,spotba,1010,0.540,2016-07-15.00:48:58,0,50760,270417,51736,274375,0,0,51935,51692,51194,2,-1
ERK-PT-001000_LTLS_10_F_,ufscc,64,spotba,1017,0.500,2016-07-15.00:49:00,0,52372,277132,53449,281990,0,0,51557,53368,53278,2,-1
ERK-PT-001000_LTLS_11_F_,ufscc,64,spotba,1019,0.540,2016-07-15.00:49:02,0,57275,302277,58878,308801,0,0,62428,58816,58517,2,-1
ERK-PT-001000_LTLS_12_F_,ufscc,64,spotba,1028,0.570,2016-07-15.00:49:04,0,48078,246055,52748,262088,0,0,53078,52738,52697,2,-1
ERK-PT-001000_LTLS_13_F_,ufscc,64,spotba,1013,0.530,2016-07-15.00:49:06,0,45486,234765,48624,246742,0,0,50078,48613,48306,2,-1
ERK-PT-001000_LTLS_14_F_,ufscc,64,spotba,1004,0.580,2016-07-15.00:49:08,0,41211,206360,45474,222162,0,0,48370,45462,45333,2,-1
ERK-PT-001000_LTLS_15_F_,ufscc,64,spotba,1006,0.540,2016-07-15.00:49:10,0,45630,243934,46672,248219,0,0,48194,46563,46418,2,-1
ERK-PT-001000_LTLS_1_F_,ufscc,64,spotba,1015,0.500,2016-07-15.00:49:11,0,49234,254746,51022,261445,0,0,51724,50966,50859,2,-1
ERK-PT-001000_LTLS_2_F_,ufscc,64,spotba,1014,0.550,2016-07-15.00:49:13,0,41823,214667,45277,226642,0,0,44402,45259,44854,2,-1
ERK-PT-001000_LTLS_3_F_,ufscc,64,spotba,1038,0.490,2016-07-15.00:49:15,0,49098,246165,50154,250431,0,0,48601,50072,49678,2,-1
ERK-PT-001000_LTLS_4_F_,ufscc,64,spotba,1018,0.500,2016-07-15.00:49:17,0,43592,228398,45558,235598,0,0,47413,45477,44680,2,-1
ERK-PT-001000_LTLS_6_F_,ufscc,64,spotba,1022,0.580,2016-07-15.00:49:19,0,46193,231293,51181,249347,0,0,51620,51173,51160,2,-1
ERK-PT-001000_LTLS_7_F_,ufscc,64,spotba,1069,0.520,2016-07-15.00:49:21,0,44208,232944,45618,238876,0,0,45858,45518,45195,2,-1
ERK-PT-001000_LTLS_8_F_,ufscc,64,spotba,1036,0.530,2016-07-15.00:49:23,0,51735,277503,52519,281095,0,0,54214,52414,51768,2,-1
ERK-PT-001000_LTLS_9_F_,ufscc,64,spotba,1009,0.540,2016-07-15.00:49:25,0,54977,286195,55792,289672,0,0,55642,55693,55304,2,-1
ERK-PT-010000_LTLS_0_F_,ufscc,64,spotba,10021,0.900,2016-07-15.00:49:28,0,525413,2849055,526476,2853906,0,0,516187,526371,526308,2,-1
ERK-PT-010000_LTLS_1_F_,ufscc,64,spotba,10034,0.930,2016-07-15.00:49:31,0,566645,2898809,569021,2907598,0,0,559352,568997,567334,2,-1
ERK-PT-010000_LTLS_2_F_,ufscc,64,spotba,10009,0.940,2016-07-15.00:49:33,0,516404,2713634,517856,2719466,0,0,481630,517806,517394,2,-1
ERK-PT-010000_LTLS_3_F_,ufscc,64,spotba,10008,0.880,2016-07-15.00:49:36,0,554166,2886742,556682,2896658,0,0,529737,556630,556582,2,-1
ERK-PT-010000_LTLS_5_F_,ufscc,64,spotba,10033,0.870,2016-07-15.00:49:39,0,483138,2513451,484239,2518685,0,0,460438,484163,483614,2,-1
ERK-PT-010000_LTLS_6_F_,ufscc,64,spotba,10013,0.870,2016-07-15.00:49:41,0,467050,2438382,467681,2440873,0,0,447406,467526,466836,2,-1
ERK-PT-010000_LTLS_7_F_,ufscc,64,spotba,10239,0.900,2016-07-15.00:49:44,0,508906,2713283,509693,2716494,0,0,491753,509584,507651,2,-1
ERK-PT-010000_LTLS_8_F_,ufscc,64,spotba,10023,0.940,2016-07-15.00:49:47,0,541662,2941140,542369,2944358,0,0,530390,542264,539490,2,-1
ERK-PT-010000_LTLS_9_F_,ufscc,64,spotba,10012,0.890,2016-07-15.00:49:49,0,540321,2778781,541853,2784506,0,0,505100,541773,541730,2,-1
ERK-PT-100000_LTLF_13_F_,ufscc,64,spotba,100034,28.870,2016-07-15.00:50:21,0,5672938,29592360,5673945,29596556,0,0,5471573,5673883,5673344,3,-1
ERK-PT-100000_LTLF_14_F_,ufscc,64,spotba,100022,28.780,2016-07-15.00:50:52,0,4767058,48554920,4768356,48565160,0,0,9267769,4768283,4768222,4,-1
ERK-PT-100000_LTLF_1_F_,ufscc,64,spotba,100027,28.840,2016-07-15.00:51:22,0,4655524,24581752,4656995,24588124,0,0,4536016,4656897,4656688,6,-1
ERK-PT-100000_LTLF_3_F_,ufscc,64,spotba,100009,28.470,2016-07-15.00:51:52,0,4766646,28978575,4767614,28982814,0,0,5397176,4767547,4763890,3,-1
ERK-PT-100000_LTLF_9_F_,ufscc,64,spotba,100038,28.340,2016-07-15.00:52:22,1,4731568,25035405,4733198,25042719,0,0,4623719,4733108,4731977,2,-1
ERK-PT-100000_LTLS_0_F_,ufscc,64,spotba,100006,28.490,2016-07-15.00:52:52,0,5586867,28533089,5587883,28537127,0,0,5296964,5587722,5587685,2,-1
ERK-PT-100000_LTLS_1_F_,ufscc,64,spotba,100018,28.460,2016-07-15.00:53:22,0,4699554,23906634,4700430,23910440,0,0,4388591,4700359,4700184,2,-1
ERK-PT-100000_LTLS_2_F_,ufscc,64,spotba,100008,27.850,2016-07-15.00:53:52,0,4137656,21118076,4138528,21121736,0,0,4008210,4138454,4122518,2,-1
ERK-PT-100000_LTLS_3_F_,ufscc,64,spotba,100020,28.750,2016-07-15.00:54:23,0,5052514,24579674,5058893,24602785,0,0,4812785,5058890,5058730,2,-1
ERK-PT-100000_LTLS_4_F_,ufscc,64,spotba,100012,28.410,2016-07-15.00:54:53,0,4927518,25832661,4929776,25841177,0,0,4821880,4929746,4922692,2,-1
ERK-PT-100000_LTLS_5_F_,ufscc,64,spotba,100025,28.590,2016-07-15.00:55:23,0,4701752,24776885,4702914,24781755,0,0,4756582,4702852,4702768,2,-1
ERK-PT-100000_LTLS_6_F_,ufscc,64,spotba,100032,28.490,2016-07-15.00:55:53,0,5616062,28763570,5617952,28771226,0,0,5207372,5617899,5617601,2,-1
ERK-PT-100000_LTLS_7_F_,ufscc,64,spotba,100023,28.570,2016-07-15.00:56:23,0,4638456,25302604,4639521,25307007,0,0,4612483,4639437,4639225,2,-1
ERK-PT-100000_LTLS_8_F_,ufscc,64,spotba,100012,28.430,2016-07-15.00:56:53,0,5356987,26755167,5359351,26765387,0,0,5062083,5359226,5356964,2,-1
FMS-PT-200_LTLS_8_F_,ufscc,64,spotba,218,0.700,2016-07-15.00:56:57,0,11097,57004,11579,59108,0,0,1183,11579,11579,2,-1
FMS-PT-500_LTLF_14_F_,ufscc,64,spotba,508,0.680,2016-07-15.00:57:01,0,27697,140617,28695,144806,0,0,3637,28695,28695,7,-1
FMS-PT-500_LTLS_0_F_,ufscc,64,spotba,528,0.750,2016-07-15.00:57:04,0,26020,126467,30753,145811,0,0,3013,30753,30753,2,-1
FMS-PT-500_LTLS_10_F_,ufscc,64,spotba,512,0.690,2016-07-15.00:57:06,0,26636,133290,29683,146682,0,0,1525,29683,29683,2,-1
FMS-PT-500_LTLS_11_F_,ufscc,64,spotba,511,0.680,2016-07-15.00:57:08,0,28307,144163,29078,147382,0,0,2699,29078,29078,2,-1
FMS-PT-500_LTLS_12_F_,ufscc,64,spotba,510,0.720,2016-07-15.00:57:10,0,30161,152319,30550,153988,0,0,2789,30550,30550,2,-1
FMS-PT-500_LTLS_13_F_,ufscc,64,spotba,521,0.800,2016-07-15.00:57:13,0,21792,106686,28138,132853,0,0,2701,28138,28138,2,-1
FMS-PT-500_LTLS_14_F_,ufscc,64,spotba,514,0.670,2016-07-15.00:57:15,0,25085,130212,25674,132875,0,0,3573,25674,25674,2,-1
FMS-PT-500_LTLS_1_F_,ufscc,64,spotba,521,0.710,2016-07-15.00:57:18,0,29078,144591,29724,147306,0,0,1864,29724,29724,2,-1
FMS-PT-500_LTLS_2_F_,ufscc,64,spotba,510,0.740,2016-07-15.00:57:20,0,27290,138272,27658,139873,0,0,3136,27658,27658,2,-1
FMS-PT-500_LTLS_3_F_,ufscc,64,spotba,509,0.690,2016-07-15.00:57:22,0,32147,163230,33277,167880,0,0,2603,33277,33277,2,-1
FMS-PT-500_LTLS_4_F_,ufscc,64,spotba,511,0.670,2016-07-15.00:57:24,0,26160,133574,26806,136401,0,0,2390,26806,26806,2,-1
FMS-PT-500_LTLS_5_F_,ufscc,64,spotba,510,0.700,2016-07-15.00:57:26,0,24400,126404,24833,128296,0,0,3195,24833,24833,2,-1
FMS-PT-500_LTLS_6_F_,ufscc,64,spotba,516,0.670,2016-07-15.00:57:28,0,26777,137854,27795,142121,0,0,4829,27795,27795,2,-1
FMS-PT-500_LTLS_7_F_,ufscc,64,spotba,509,0.670,2016-07-15.00:57:30,0,24511,122728,25480,127029,0,0,2014,25480,25480,2,-1
FMS-PT-500_LTLS_8_F_,ufscc,64,spotba,593,0.660,2016-07-15.00:57:33,0,28516,143160,29375,146856,0,0,2126,29375,29375,2,-1
FMS-PT-500_LTLS_9_F_,ufscc,64,spotba,511,0.640,2016-07-15.00:57:35,0,25375,127092,26818,133287,0,0,3868,26818,26818,2,-1
HouseConstruction-PT-020_LTLF_0_F_,ufscc,64,spotba,362,0.730,2016-07-15.00:57:41,0,15456,52656,16860,56421,1,0,0,16860,16860,5,-1
HouseConstruction-PT-020_LTLF_13_F_,ufscc,64,spotba,362,0.700,2016-07-15.00:57:43,0,15755,52946,17024,56138,1,0,0,17024,17024,2,-1
HouseConstruction-PT-020_LTLF_14_F_,ufscc,64,spotba,362,0.660,2016-07-15.00:57:45,0,7906,27823,8961,30520,1,0,0,8961,8961,2,-1
HouseConstruction-PT-020_LTLF_1_F_,ufscc,64,spotba,362,0.730,2016-07-15.00:57:48,0,14345,48794,15937,52632,1,0,0,15937,15937,3,-1
HouseConstruction-PT-020_LTLF_3_F_,ufscc,64,spotba,362,0.750,2016-07-15.00:57:51,0,15760,53614,16877,56591,1,0,0,16877,16877,2,-1
HouseConstruction-PT-020_LTLF_4_F_,ufscc,64,spotba,362,0.710,2016-07-15.00:57:53,0,15180,52440,16880,56847,1,0,0,16880,16880,3,-1
HouseConstruction-PT-020_LTLF_5_F_,ufscc,64,spotba,362,0.740,2016-07-15.00:57:56,0,13016,44512,15097,49716,1,0,0,15097,15097,7,-1
HouseConstruction-PT-020_LTLF_6_F_,ufscc,64,spotba,362,0.720,2016-07-15.00:57:58,0,13942,47868,15165,50794,1,0,0,15165,15165,2,-1
HouseConstruction-PT-020_LTLF_7_F_,ufscc,64,spotba,362,0.750,2016-07-15.00:58:01,13217,23466,60312,25548,66105,2,13724,0,25548,11811,5,-1
HouseConstruction-PT-020_LTLF_9_F_,ufscc,64,spotba,362,0.740,2016-07-15.00:58:03,0,13503,45678,15814,51665,1,0,0,15814,15814,2,-1
HouseConstruction-PT-050_LTLF_0_F_,ufscc,64,spotba,902,0.760,2016-07-15.00:58:11,0,35436,120925,38279,127669,1,0,0,38279,38279,2,-1
HouseConstruction-PT-050_LTLF_11_F_,ufscc,64,spotba,902,0.760,2016-07-15.00:58:13,0,37165,125678,38591,129227,1,0,0,38591,38591,2,-1
HouseConstruction-PT-050_LTLF_14_F_,ufscc,64,spotba,903,0.760,2016-07-15.00:58:16,3596,39371,238389,42510,255959,2,13,0,42510,38874,6,-1
HouseConstruction-PT-050_LTLF_15_F_,ufscc,64,spotba,902,0.770,2016-07-15.00:58:18,0,37627,129499,39229,133267,1,0,0,39229,39229,4,-1
HouseConstruction-PT-050_LTLF_2_F_,ufscc,64,spotba,902,0.760,2016-07-15.00:58:20,0,39749,135594,41333,139593,1,0,0,41333,41333,2,-1
HouseConstruction-PT-050_LTLF_4_F_,ufscc,64,spotba,902,0.720,2016-07-15.00:58:23,0,39277,132811,41098,137393,1,0,0,41098,41098,3,-1
HouseConstruction-PT-050_LTLF_5_F_,ufscc,64,spotba,902,0.830,2016-07-15.00:58:25,0,41065,135851,45060,145279,1,0,0,45060,45060,5,-1
HouseConstruction-PT-050_LTLF_6_F_,ufscc,64,spotba,902,0.790,2016-07-15.00:58:28,165,34874,123408,38079,136226,1,2,0,38079,37906,9,-1
HouseConstruction-PT-050_LTLF_7_F_,ufscc,64,spotba,902,0.760,2016-07-15.00:58:30,0,35233,120609,37031,125022,1,0,0,37031,37031,3,-1
HouseConstruction-PT-050_LTLF_8_F_,ufscc,64,spotba,902,0.800,2016-07-15.00:58:33,0,28862,98369,32928,108750,1,0,0,32928,32928,2,-1
HouseConstruction-PT-050_LTLF_9_F_,ufscc,64,spotba,902,0.800,2016-07-15.00:58:35,0,34660,118669,35820,121492,1,0,0,35820,35820,2,-1
HouseConstruction-PT-050_LTLS_11_F_,ufscc,64,spotba,902,0.780,2016-07-15.00:58:38,0,34852,119639,37932,127025,1,0,0,37932,37932,2,-1
HouseConstruction-PT-100_LTLF_0_F_,ufscc,64,spotba,1802,0.780,2016-07-15.00:58:43,0,73058,251248,74520,254932,1,0,0,74520,74520,2,-1
HouseConstruction-PT-100_LTLF_11_F_,ufscc,64,spotba,1802,0.800,2016-07-15.00:58:46,0,77449,267602,79090,271665,1,0,0,79090,79090,2,-1
HouseConstruction-PT-100_LTLF_12_F_,ufscc,64,spotba,1802,0.740,2016-07-15.00:58:48,0,60717,210573,62330,214546,1,0,0,62330,62330,2,-1
HouseConstruction-PT-100_LTLF_15_F_,ufscc,64,spotba,1802,0.810,2016-07-15.00:58:51,0,80735,279349,82068,282710,1,0,0,82068,82068,2,-1
HouseConstruction-PT-100_LTLF_1_F_,ufscc,64,spotba,1802,0.860,2016-07-15.00:58:54,0,83032,292082,84272,295139,1,0,0,84272,84272,8,-1
HouseConstruction-PT-100_LTLF_3_F_,ufscc,64,spotba,1802,0.820,2016-07-15.00:58:56,0,57528,200463,59179,204606,1,0,0,59179,59179,2,-1
HouseConstruction-PT-100_LTLF_5_F_,ufscc,64,spotba,1802,0.770,2016-07-15.00:58:58,0,64093,217404,67027,224715,1,0,0,67027,67027,5,-1
HouseConstruction-PT-100_LTLF_6_F_,ufscc,64,spotba,1803,0.780,2016-07-15.00:59:00,674,85881,305736,88541,312313,1,0,0,88541,87867,3,-1
HouseConstruction-PT-100_LTLF_7_F_,ufscc,64,spotba,1802,0.790,2016-07-15.00:59:03,0,77877,268761,79451,272711,1,0,0,79451,79451,4,-1
HouseConstruction-PT-100_LTLF_9_F_,ufscc,64,spotba,1802,0.780,2016-07-15.00:59:05,0,82760,282955,85918,290561,1,0,0,85918,85918,2,-1
HouseConstruction-PT-100_LTLS_11_F_,ufscc,64,spotba,1802,0.780,2016-07-15.00:59:07,0,68844,233606,70741,238678,1,0,0,70741,70741,2,-1
HouseConstruction-PT-100_LTLS_15_F_,ufscc,64,spotba,1802,0.840,2016-07-15.00:59:10,0,69744,241394,71013,244584,1,0,0,71013,71013,2,-1
HouseConstruction-PT-100_LTLS_6_F_,ufscc,64,spotba,1802,0.810,2016-07-15.00:59:12,3374,62320,206983,64647,212477,1,3,0,64647,61269,2,-1
HouseConstruction-PT-200_LTLF_0_F_,ufscc,64,spotba,3602,0.820,2016-07-15.00:59:17,0,175833,595912,176918,599192,1,0,0,176918,176918,2,-1
HouseConstruction-PT-200_LTLF_10_F_,ufscc,64,spotba,3602,0.800,2016-07-15.00:59:19,0,170406,579802,172429,584713,1,0,0,172429,172429,3,-1
HouseConstruction-PT-200_LTLF_11_F_,ufscc,64,spotba,3602,0.840,2016-07-15.00:59:22,0,164159,560266,165896,564562,1,0,0,165896,165896,2,-1
HouseConstruction-PT-200_LTLF_12_F_,ufscc,64,spotba,3602,0.880,2016-07-15.00:59:24,0,168725,575128,174100,587765,1,0,0,174100,174100,3,-1
HouseConstruction-PT-200_LTLF_14_F_,ufscc,64,spotba,3602,0.910,2016-07-15.00:59:27,0,177302,608901,178300,611353,1,0,0,178300,178300,4,-1
HouseConstruction-PT-200_LTLF_15_F_,ufscc,64,spotba,3602,0.840,2016-07-15.00:59:29,0,161112,544020,164288,551797,1,0,0,164288,164288,2,-1
HouseConstruction-PT-200_LTLF_1_F_,ufscc,64,spotba,3602,0.830,2016-07-15.00:59:31,0,186783,634233,188015,637686,1,0,0,188015,188015,7,-1
HouseConstruction-PT-200_LTLF_4_F_,ufscc,64,spotba,3602,0.880,2016-07-15.00:59:34,0,153675,531360,158439,542553,1,0,0,158439,158439,3,-1
HouseConstruction-PT-200_LTLF_5_F_,ufscc,64,spotba,3602,0.800,2016-07-15.00:59:36,0,157724,556168,159430,560760,1,0,0,159430,159430,2,-1
HouseConstruction-PT-200_LTLF_6_F_,ufscc,64,spotba,3602,0.840,2016-07-15.00:59:39,0,170262,575643,173752,583736,1,0,0,173752,173752,2,-1
HouseConstruction-PT-200_LTLS_6_F_,ufscc,64,spotba,3602,0.820,2016-07-15.00:59:41,8657,181577,603460,183045,607456,1,4,0,183045,174374,2,-1
HouseConstruction-PT-200_LTLS_8_F_,ufscc,64,spotba,3602,0.870,2016-07-15.00:59:43,10873,197070,647654,200295,656150,1,346,0,200295,189125,2,-1
HouseConstruction-PT-500_LTLF_10_F_,ufscc,64,spotba,9002,1.020,2016-07-15.00:59:51,0,427663,1474833,429107,1478479,1,0,0,429107,429107,2,-1
HouseConstruction-PT-500_LTLF_11_F_,ufscc,64,spotba,9002,1.070,2016-07-15.00:59:53,0,481510,1628923,483138,1633373,1,0,0,483138,483138,4,-1
HouseConstruction-PT-500_LTLF_12_F_,ufscc,64,spotba,9002,1.100,2016-07-15.00:59:56,0,476771,1613330,478149,1616698,1,0,0,478149,478149,4,-1
HouseConstruction-PT-500_LTLF_13_F_,ufscc,64,spotba,9002,1.100,2016-07-15.00:59:59,0,459324,1547917,463708,1558827,1,0,0,463708,463708,3,-1
HouseConstruction-PT-500_LTLF_15_F_,ufscc,64,spotba,9002,1.030,2016-07-15.01:00:02,0,442273,1500856,443913,1504935,1,0,0,443913,443913,2,-1
HouseConstruction-PT-500_LTLF_1_F_,ufscc,64,spotba,9002,1.070,2016-07-15.01:00:05,0,412513,1430302,414154,1434681,1,0,0,414154,414154,2,-1
HouseConstruction-PT-500_LTLF_2_F_,ufscc,64,spotba,9002,1.080,2016-07-15.01:00:07,0,453362,1555130,455023,1559309,1,0,0,455023,455023,2,-1
HouseConstruction-PT-500_LTLF_3_F_,ufscc,64,spotba,9002,1.130,2016-07-15.01:00:10,0,452558,1536226,454624,1541220,1,0,0,454624,454624,2,-1
HouseConstruction-PT-500_LTLF_5_F_,ufscc,64,spotba,9002,1.090,2016-07-15.01:00:13,0,442050,1533795,443910,1538120,1,0,0,443910,443910,2,-1
HouseConstruction-PT-500_LTLF_6_F_,ufscc,64,spotba,9002,1.080,2016-07-15.01:00:16,0,461503,1560039,463359,1564670,1,0,0,463359,463359,2,-1
HouseConstruction-PT-500_LTLF_8_F_,ufscc,64,spotba,9002,1.100,2016-07-15.01:00:18,145036,453003,1375957,461415,1404145,1,69821,0,461415,314244,3,-1
HouseConstruction-PT-500_LTLF_9_F_,ufscc,64,spotba,9002,1.090,2016-07-15.01:00:21,0,432477,1497441,433810,1501506,1,0,0,433810,433810,2,-1
Kanban-PT-0500_LTLS_0_F_,ufscc,64,spotba,527,0.580,2016-07-15.01:00:27,0,21001,102966,21844,105970,0,0,9305,21841,21831,2,-1
Kanban-PT-0500_LTLS_1_F_,ufscc,64,spotba,524,0.620,2016-07-15.01:00:29,0,25163,122813,26288,126679,0,0,12362,26288,26287,2,-1
Kanban-PT-0500_LTLS_2_F_,ufscc,64,spotba,508,0.610,2016-07-15.01:00:31,0,22945,109028,23774,111848,0,0,9057,23774,23773,2,-1
Kanban-PT-0500_LTLS_3_F_,ufscc,64,spotba,517,0.610,2016-07-15.01:00:33,0,21421,106996,22263,109790,0,0,9955,22263,22258,2,-1
Kanban-PT-0500_LTLS_4_F_,ufscc,64,spotba,519,0.580,2016-07-15.01:00:35,0,22575,108136,23469,111119,0,0,9608,23469,23462,2,-1
Kanban-PT-1000_LTLF_10_F_,ufscc,64,spotba,1021,0.620,2016-07-15.01:00:38,0,41978,205950,42998,209314,0,0,17406,42996,42990,5,-1
Kanban-PT-1000_LTLF_6_F_,ufscc,64,spotba,1008,0.600,2016-07-15.01:00:40,0,48678,238094,49944,242500,0,0,22385,49944,49934,6,-1
Kanban-PT-1000_LTLS_0_F_,ufscc,64,spotba,1021,0.580,2016-07-15.01:00:43,0,48274,227089,49519,231162,0,0,18578,49519,49499,2,-1
Kanban-PT-1000_LTLS_1_F_,ufscc,64,spotba,1024,0.690,2016-07-15.01:00:45,0,49828,236209,50710,239072,0,0,16197,50700,50700,2,-1
Kanban-PT-1000_LTLS_2_F_,ufscc,64,spotba,1016,0.590,2016-07-15.01:00:48,0,34303,167857,35481,171806,0,0,16829,35481,35481,2,-1
PhaseVariation-PT-D05CS100_LTLF_0_F_,ufscc,64,spotba,107,1.490,2016-07-15.01:01:49,277,4908,321779,5083,328713,1,75,0,5083,4806,2,-1
PhaseVariation-PT-D05CS100_LTLF_10_F_,ufscc,64,spotba,102,1.580,2016-07-15.01:01:55,29,5366,367903,5557,372875,1,94,0,5557,5519,4,-1
PhaseVariation-PT-D05CS100_LTLF_11_F_,ufscc,64,spotba,127,1.460,2016-07-15.01:02:03,0,5081,343720,5299,349620,1,0,0,5299,5299,2,-1
PhaseVariation-PT-D05CS100_LTLF_13_F_,ufscc,64,spotba,127,1.510,2016-07-15.01:02:10,189,5755,399401,5920,403725,1,17,0,5920,5731,1,-1
PhaseVariation-PT-D05CS100_LTLF_14_F_,ufscc,64,spotba,102,1.520,2016-07-15.01:02:17,0,4852,339505,5049,344651,1,0,0,5049,5049,3,-1
PhaseVariation-PT-D05CS100_LTLF_15_F_,ufscc,64,spotba,102,1.310,2016-07-15.01:02:24,1,2428,150574,2615,155504,1,8,0,2615,2613,3,-1
PhaseVariation-PT-D05CS100_LTLF_1_F_,ufscc,64,spotba,118,1.540,2016-07-15.01:02:31,0,5360,374419,5523,378729,1,0,0,5523,5523,2,-1
PhaseVariation-PT-D05CS100_LTLF_2_F_,ufscc,64,spotba,102,1.500,2016-07-15.01:02:38,171,5335,363498,5479,369610,1,2,0,5479,5308,2,-1
PhaseVariation-PT-D05CS100_LTLF_3_F_,ufscc,64,spotba,102,1.590,2016-07-15.01:02:44,144,4926,342831,5024,348111,1,0,0,5024,4880,4,-1
PhaseVariation-PT-D05CS100_LTLF_4_F_,ufscc,64,spotba,102,1.540,2016-07-15.01:02:52,211,5592,368265,5741,374823,2,14,0,5741,5530,2,-1
PhaseVariation-PT-D05CS100_LTLF_5_F_,ufscc,64,spotba,102,1.520,2016-07-15.01:02:59,0,5317,361516,5518,366834,1,0,0,5518,5518,2,-1
PhaseVariation-PT-D05CS100_LTLF_6_F_,ufscc,64,spotba,102,1.490,2016-07-15.01:03:06,0,5100,355474,5327,361410,1,0,0,5327,5327,2,-1
PhaseVariation-PT-D05CS100_LTLF_7_F_,ufscc,64,spotba,127,1.480,2016-07-15.01:03:14,172,5490,366725,5660,371267,1,9,0,5660,5488,1,-1
PhaseVariation-PT-D05CS100_LTLF_8_F_,ufscc,64,spotba,127,1.500,2016-07-15.01:03:21,241,3894,247611,4060,254085,1,45,0,4060,3817,2,-1
PhaseVariation-PT-D05CS100_LTLF_9_F_,ufscc,64,spotba,107,1.500,2016-07-15.01:03:28,164,5119,331165,5354,337649,1,8,0,5354,5190,1,-1
PhaseVariation-PT-D05CS100_LTLS_0_F_,ufscc,64,spotba,122,1.490,2016-07-15.01:03:35,319,4940,320052,5140,325340,1,56,0,5140,4821,1,-1
PhaseVariation-PT-D05CS100_LTLS_10_F_,ufscc,64,spotba,107,1.470,2016-07-15.01:03:42,211,5340,351570,5529,356344,1,41,0,5529,5319,1,-1
PhaseVariation-PT-D05CS100_LTLS_11_F_,ufscc,64,spotba,102,1.470,2016-07-15.01:03:49,312,4776,307578,4939,311854,1,32,0,4939,4627,1,-1
PhaseVariation-PT-D05CS100_LTLS_12_F_,ufscc,64,spotba,102,1.480,2016-07-15.01:03:56,341,4900,308255,5079,312957,1,57,0,5079,4737,1,-1
PhaseVariation-PT-D05CS100_LTLS_13_F_,ufscc,64,spotba,103,1.520,2016-07-15.01:04:02,74,4987,342590,5170,347532,1,0,0,5170,5096,1,-1
PhaseVariation-PT-D05CS100_LTLS_14_F_,ufscc,64,spotba,102,1.540,2016-07-15.01:04:09,251,5491,359842,5657,364380,1,31,0,5657,5406,1,-1
PhaseVariation-PT-D05CS100_LTLS_15_F_,ufscc,64,spotba,127,1.520,2016-07-15.01:04:15,211,5488,366840,5662,371550,2,9,0,5662,5451,1,-1
PhaseVariation-PT-D05CS100_LTLS_1_F_,ufscc,64,spotba,103,1.490,2016-07-15.01:04:22,94,4723,325039,4888,329389,1,12,0,4888,4794,2,-1
PhaseVariation-PT-D05CS100_LTLS_2_F_,ufscc,64,spotba,122,1.520,2016-07-15.01:04:29,300,5281,343068,5464,347890,1,22,0,5464,5163,1,-1
PhaseVariation-PT-D05CS100_LTLS_3_F_,ufscc,64,spotba,122,1.500,2016-07-15.01:04:36,85,4952,343989,5110,348147,1,2,0,5110,5025,1,-1
PhaseVariation-PT-D05CS100_LTLS_4_F_,ufscc,64,spotba,102,1.470,2016-07-15.01:04:43,411,5087,326674,5268,331684,1,35,0,5268,4857,1,-1
PhaseVariation-PT-D05CS100_LTLS_5_F_,ufscc,64,spotba,102,1.520,2016-07-15.01:04:50,662,5934,371654,6094,375836,1,163,0,6094,5432,1,-1
PhaseVariation-PT-D05CS100_LTLS_6_F_,ufscc,64,spotba,117,1.570,2016-07-15.01:04:57,819,6204,367308,6381,371916,2,180,0,6381,5562,1,-1
PhaseVariation-PT-D05CS100_LTLS_7_F_,ufscc,64,spotba,102,1.460,2016-07-15.01:05:04,142,4744,319470,4912,323960,1,1,0,4912,4770,1,-1
PhaseVariation-PT-D05CS100_LTLS_8_F_,ufscc,64,spotba,103,1.540,2016-07-15.01:05:11,238,4360,298723,4581,305025,1,20,0,4581,4343,1,-1
PhaseVariation-PT-D05CS100_LTLS_9_F_,ufscc,64,spotba,102,1.420,2016-07-15.01:05:19,155,4292,288360,4482,293316,1,14,0,4482,4327,1,-1
S_CircularTrains-PT-048_LTLF_11_F_,ufscc,64,spotba,245,1.400,2016-07-15.01:05:34,0,10925,60146,11052,62214,0,0,1,11052,11052,2,-1
S_CircularTrains-PT-048_LTLF_15_F_,ufscc,64,spotba,230,1.370,2016-07-15.01:05:37,0,9095,54660,9215,56642,0,0,1,9215,9215,3,-1
S_CircularTrains-PT-048_LTLF_1_F_,ufscc,64,spotba,216,1.400,2016-07-15.01:05:41,0,10976,60782,11103,62791,0,0,1,11103,11103,2,-1
S_CircularTrains-PT-048_LTLF_2_F_,ufscc,64,spotba,222,1.120,2016-07-15.01:05:44,0,4714,38675,4830,40594,0,0,1,4830,4830,2,-1
S_CircularTrains-PT-048_LTLF_6_F_,ufscc,64,spotba,215,1.410,2016-07-15.01:05:47,10,9383,56094,9506,58126,0,0,1,9506,9496,10,-1
S_CircularTrains-PT-048_LTLF_7_F_,ufscc,64,spotba,228,1.430,2016-07-15.01:05:50,0,10522,59919,10652,62018,0,0,2,10652,10652,2,-1
S_CircularTrains-PT-048_LTLF_9_F_,ufscc,64,spotba,221,1.220,2016-07-15.01:05:56,0,6237,44194,6361,46241,0,0,1,6361,6361,6,-1
S_Diffusion2D-PT-D05N100_LTLS_0_F_,ufscc,64,spotba,104,0.620,2016-07-15.01:06:01,0,2920,59445,4892,90763,0,0,5991,4892,4892,2,-1
S_Diffusion2D-PT-D05N100_LTLS_1_F_,ufscc,64,spotba,104,0.710,2016-07-15.01:06:04,0,4638,99299,5246,109298,0,0,6644,5245,5245,2,-1
S_Diffusion2D-PT-D05N100_LTLS_2_F_,ufscc,64,spotba,106,0.630,2016-07-15.01:06:06,0,4023,85985,5107,102871,0,0,7726,5106,5106,2,-1
S_Diffusion2D-PT-D05N100_LTLS_3_F_,ufscc,64,spotba,104,0.620,2016-07-15.01:06:08,0,3361,69713,4707,91712,0,0,6079,4706,4706,2,-1
S_Diffusion2D-PT-D05N150_LTLS_0_F_,ufscc,64,spotba,156,0.680,2016-07-15.01:06:11,0,6693,137162,8427,164549,0,0,11132,8427,8427,2,-1
S_Diffusion2D-PT-D05N150_LTLS_1_F_,ufscc,64,spotba,154,0.680,2016-07-15.01:06:14,0,6477,132723,7514,148816,0,0,10290,7511,7511,2,-1
S_Diffusion2D-PT-D05N150_LTLS_2_F_,ufscc,64,spotba,158,0.720,2016-07-15.01:06:16,0,6221,136859,6603,143110,0,0,8417,6577,6577,2,-1
S_Diffusion2D-PT-D05N150_LTLS_3_F_,ufscc,64,spotba,156,0.710,2016-07-15.01:06:19,0,7254,160094,7966,171098,0,0,10681,7963,7963,2,-1
S_Diffusion2D-PT-D05N150_LTLS_4_F_,ufscc,64,spotba,159,0.660,2016-07-15.01:06:21,0,6798,146341,7966,164713,0,0,9955,7959,7959,2,-1
S_Diffusion2D-PT-D05N150_LTLS_5_F_,ufscc,64,spotba,165,0.680,2016-07-15.01:06:23,0,7474,169408,7917,176237,0,0,10704,7887,7887,2,-1
S_Diffusion2D-PT-D05N150_LTLS_6_F_,ufscc,64,spotba,154,0.680,2016-07-15.01:06:26,0,6364,139725,6850,147404,0,0,9060,6828,6828,2,-1
S_Diffusion2D-PT-D05N150_LTLS_7_F_,ufscc,64,spotba,154,0.670,2016-07-15.01:06:29,0,6024,127686,7648,153605,0,0,10853,7647,7647,2,-1
S_Diffusion2D-PT-D05N150_LTLS_8_F_,ufscc,64,spotba,154,0.690,2016-07-15.01:06:32,0,5834,119640,7586,147297,0,0,9896,7586,7586,2,-1
S_Diffusion2D-PT-D05N150_LTLS_9_F_,ufscc,64,spotba,156,0.670,2016-07-15.01:06:34,0,6500,138149,7421,152830,0,0,10162,7419,7419,2,-1
S_Diffusion2D-PT-D05N200_LTLS_0_F_,ufscc,64,spotba,205,0.700,2016-07-15.01:06:37,0,9175,190320,11163,221879,0,0,13630,11163,11163,2,-1
S_Diffusion2D-PT-D05N200_LTLS_1_F_,ufscc,64,spotba,209,0.690,2016-07-15.01:06:39,0,8504,175794,10249,203192,0,0,13491,10249,10249,2,-1
S_Diffusion2D-PT-D05N200_LTLS_2_F_,ufscc,64,spotba,205,0.730,2016-07-15.01:06:42,0,5407,113926,5766,119362,0,0,6919,5765,5765,2,-1
S_Diffusion2D-PT-D05N250_LTLF_1_F_,ufscc,64,spotba,263,0.710,2016-07-15.01:06:44,0,10821,226389,12820,257913,0,0,17485,12820,12820,4,-1
S_Diffusion2D-PT-D05N250_LTLF_6_F_,ufscc,64,spotba,258,0.700,2016-07-15.01:06:46,0,12717,273831,13127,280065,0,0,17304,13127,13127,2,-1
S_Diffusion2D-PT-D05N250_LTLS_0_F_,ufscc,64,spotba,256,0.700,2016-07-15.01:06:49,0,9294,191560,11569,227857,0,0,14446,11568,11568,2,-1
S_Diffusion2D-PT-D05N250_LTLS_1_F_,ufscc,64,spotba,256,0.770,2016-07-15.01:06:51,0,12692,282033,13061,287964,0,0,17678,13061,13061,2,-1
S_Diffusion2D-PT-D05N250_LTLS_2_F_,ufscc,64,spotba,279,0.690,2016-07-15.01:06:54,0,11181,237811,11516,243249,0,0,15496,11514,11514,2,-1
S_Diffusion2D-PT-D05N250_LTLS_3_F_,ufscc,64,spotba,267,0.680,2016-07-15.01:06:56,0,12267,266944,13373,284243,0,0,17523,13369,13369,2,-1
S_Diffusion2D-PT-D05N250_LTLS_4_F_,ufscc,64,spotba,256,0.700,2016-07-15.01:06:59,0,10806,228200,12368,252874,0,0,16852,12368,12368,2,-1
S_Diffusion2D-PT-D05N300_LTLS_0_F_,ufscc,64,spotba,309,0.700,2016-07-15.01:07:01,0,14685,311635,15541,324964,0,0,20237,15537,15537,2,-1
S_Diffusion2D-PT-D05N300_LTLS_1_F_,ufscc,64,spotba,322,0.700,2016-07-15.01:07:04,0,12465,267093,13230,280108,0,0,16592,13217,13217,2,-1
S_Diffusion2D-PT-D05N350_LTLS_0_F_,ufscc,64,spotba,354,0.740,2016-07-15.01:07:06,0,17065,376579,17828,388467,0,0,24530,17818,17818,2,-1
S_Diffusion2D-PT-D05N350_LTLS_1_F_,ufscc,64,spotba,359,0.720,2016-07-15.01:07:09,0,14363,304328,16310,335727,0,0,21272,16310,16310,2,-1
S_Diffusion2D-PT-D05N350_LTLS_2_F_,ufscc,64,spotba,362,0.720,2016-07-15.01:07:11,0,15701,335067,17536,364138,0,0,22829,17536,17536,2,-1
S_Diffusion2D-PT-D10N150_LTLS_0_F_,ufscc,64,spotba,154,1.610,2016-07-15.01:07:22,0,5466,125861,6114,136125,0,0,7794,6114,6114,2,-1
S_Diffusion2D-PT-D10N200_LTLF_0_F_,ufscc,64,spotba,204,1.770,2016-07-15.01:07:27,0,6877,161297,7980,178601,0,0,10479,7980,7980,2,-1
S_Diffusion2D-PT-D10N200_LTLS_0_F_,ufscc,64,spotba,204,1.850,2016-07-15.01:07:32,0,8581,204185,9496,218545,0,0,12478,9496,9496,2,-1
S_Diffusion2D-PT-D10N200_LTLS_1_F_,ufscc,64,spotba,204,1.700,2016-07-15.01:07:38,0,6562,151676,7566,168372,0,0,10307,7566,7566,2,-1
S_Eratosthenes-PT-050_LTLF_10_F_,ufscc,64,spotba,36,0.770,2016-07-15.01:07:46,0,1563,86263,1663,97028,1,0,0,1663,1663,2,-1
S_Eratosthenes-PT-050_LTLF_11_F_,ufscc,64,spotba,36,0.770,2016-07-15.01:07:49,0,1582,87798,1690,99054,3,0,0,1690,1690,3,-1
S_Eratosthenes-PT-050_LTLF_12_F_,ufscc,64,spotba,36,0.740,2016-07-15.01:07:51,0,1304,76904,1408,87867,2,0,0,1408,1408,2,-1
S_Eratosthenes-PT-050_LTLF_13_F_,ufscc,64,spotba,36,0.750,2016-07-15.01:07:54,0,1187,81169,1290,92313,1,0,0,1290,1290,2,-1
S_Eratosthenes-PT-050_LTLF_14_F_,ufscc,64,spotba,36,0.790,2016-07-15.01:07:57,0,1663,83202,1770,94559,1,0,0,1770,1770,2,-1
S_Eratosthenes-PT-050_LTLF_15_F_,ufscc,64,spotba,36,0.530,2016-07-15.01:07:59,32,522,38642,719,54819,1,1444,0,719,644,5,-1
S_Eratosthenes-PT-050_LTLF_1_F_,ufscc,64,spotba,36,0.750,2016-07-15.01:08:02,0,1460,79668,1569,91157,1,0,0,1569,1569,2,-1
S_Eratosthenes-PT-050_LTLF_4_F_,ufscc,64,spotba,36,0.780,2016-07-15.01:08:05,0,1496,80972,1601,92114,1,0,0,1601,1601,2,-1
S_Eratosthenes-PT-050_LTLF_9_F_,ufscc,64,spotba,36,0.630,2016-07-15.01:08:08,0,706,55356,804,65797,1,0,0,804,804,2,-1
S_Eratosthenes-PT-050_LTLS_0_F_,ufscc,64,spotba,36,0.730,2016-07-15.01:08:10,0,1210,74679,1318,86166,1,0,0,1318,1318,2,-1
S_Eratosthenes-PT-050_LTLS_1_F_,ufscc,64,spotba,36,0.810,2016-07-15.01:08:13,33,1638,76252,1932,93857,1,666,0,1932,1778,3,-1
S_Eratosthenes-PT-050_LTLS_2_F_,ufscc,64,spotba,36,0.790,2016-07-15.01:08:15,32,1613,77051,1877,93750,1,826,0,1877,1744,3,-1
S_Eratosthenes-PT-050_LTLS_5_F_,ufscc,64,spotba,36,0.820,2016-07-15.01:08:17,33,1303,72116,1526,89541,1,1184,0,1526,1437,3,-1
S_Eratosthenes-PT-050_LTLS_6_F_,ufscc,64,spotba,36,0.690,2016-07-15.01:08:20,0,1031,68201,1140,79745,1,0,0,1140,1140,2,-1
S_Eratosthenes-PT-100_LTLF_10_F_,ufscc,64,spotba,76,1.800,2016-07-15.01:08:39,0,2441,421608,2527,445874,1,0,0,2527,2527,2,-1
S_Eratosthenes-PT-100_LTLF_11_F_,ufscc,64,spotba,76,1.900,2016-07-15.01:08:44,520,3170,615188,3259,640222,1,6,0,3259,2739,5,-1
S_Eratosthenes-PT-100_LTLF_13_F_,ufscc,64,spotba,76,1.920,2016-07-15.01:08:50,0,3606,510350,3693,534876,1,0,0,3693,3693,2,-1
S_Eratosthenes-PT-100_LTLF_15_F_,ufscc,64,spotba,76,1.860,2016-07-15.01:08:55,0,2559,430483,2636,452231,1,0,0,2636,2636,5,-1
S_Eratosthenes-PT-100_LTLF_2_F_,ufscc,64,spotba,76,1.900,2016-07-15.01:09:00,0,3608,491564,3693,515538,1,0,0,3693,3693,2,-1
S_Eratosthenes-PT-100_LTLF_3_F_,ufscc,64,spotba,76,1.830,2016-07-15.01:09:05,0,3430,486464,3513,509871,1,0,0,3513,3513,2,-1
S_Eratosthenes-PT-100_LTLF_4_F_,ufscc,64,spotba,77,1.950,2016-07-15.01:09:10,0,3283,492336,3371,517114,3,0,0,3371,3371,2,-1
S_Eratosthenes-PT-100_LTLF_6_F_,ufscc,64,spotba,76,1.930,2016-07-15.01:09:15,0,3582,514857,3671,540175,1,0,0,3671,3671,2,-1
S_Eratosthenes-PT-100_LTLF_8_F_,ufscc,64,spotba,76,1.880,2016-07-15.01:09:19,0,3503,501482,3587,525172,1,0,0,3587,3587,4,-1
S_Eratosthenes-PT-100_LTLF_9_F_,ufscc,64,spotba,76,1.920,2016-07-15.01:09:24,0,3660,502386,3747,526590,2,0,0,3747,3747,2,-1
S_Eratosthenes-PT-100_LTLS_10_F_,ufscc,64,spotba,76,1.870,2016-07-15.01:09:29,0,3411,484819,3494,508234,1,0,0,3494,3494,2,-1
S_Eratosthenes-PT-100_LTLS_11_F_,ufscc,64,spotba,76,2.040,2016-07-15.01:09:34,73,3964,486948,4291,529815,2,4567,0,4291,4045,3,-1
S_Eratosthenes-PT-100_LTLS_12_F_,ufscc,64,spotba,76,1.850,2016-07-15.01:09:38,0,3570,488313,3658,513101,1,0,0,3658,3658,2,-1
S_Eratosthenes-PT-100_LTLS_13_F_,ufscc,64,spotba,76,1.930,2016-07-15.01:09:44,73,3748,473320,3996,513989,1,996,0,3996,3822,3,-1
S_Eratosthenes-PT-100_LTLS_14_F_,ufscc,64,spotba,76,2.020,2016-07-15.01:09:49,72,3637,470519,3858,509540,1,1351,0,3858,3705,3,-1
S_Eratosthenes-PT-100_LTLS_15_F_,ufscc,64,spotba,76,1.910,2016-07-15.01:09:54,0,3561,488572,3648,513063,1,0,0,3648,3648,2,-1
S_Eratosthenes-PT-100_LTLS_3_F_,ufscc,64,spotba,76,1.820,2016-07-15.01:09:58,0,3379,485031,3463,508709,1,0,0,3463,3463,2,-1
S_Eratosthenes-PT-100_LTLS_8_F_,ufscc,64,spotba,76,1.870,2016-07-15.01:10:03,0,3423,482757,3512,507773,1,0,0,3512,3512,2,-1
S_Eratosthenes-PT-100_LTLS_9_F_,ufscc,64,spotba,76,1.900,2016-07-15.01:10:08,0,3405,480831,3496,506424,1,0,0,3496,3496,2,-1
S_ERK-PT-001000_LTLF_13_F_,ufscc,64,spotba,1051,0.560,2016-07-15.01:10:12,0,45088,225588,48813,239524,0,0,44305,48804,48584,2,-1
S_ERK-PT-001000_LTLF_5_F_,ufscc,64,spotba,1105,0.540,2016-07-15.01:10:14,1,63813,577071,65025,584503,0,0,119722,64940,64861,4,-1
S_ERK-PT-001000_LTLF_9_F_,ufscc,64,spotba,1019,0.590,2016-07-15.01:10:16,0,40310,204496,44960,220893,0,0,44919,44948,44858,2,-1
S_ERK-PT-001000_LTLS_0_F_,ufscc,64,spotba,1006,0.520,2016-07-15.01:10:17,0,47542,250216,48341,254116,0,0,50220,48256,47824,2,-1
S_ERK-PT-001000_LTLS_10_F_,ufscc,64,spotba,1021,0.510,2016-07-15.01:10:19,0,53785,280308,56273,289481,0,0,54587,56250,56229,2,-1
S_ERK-PT-001000_LTLS_11_F_,ufscc,64,spotba,1019,0.530,2016-07-15.01:10:21,0,51525,275340,52400,278775,0,0,53494,52308,51968,2,-1
S_ERK-PT-001000_LTLS_12_F_,ufscc,64,spotba,1052,0.580,2016-07-15.01:10:24,0,39613,204200,44102,220120,0,0,46376,44091,43661,2,-1
S_ERK-PT-001000_LTLS_13_F_,ufscc,64,spotba,1016,0.500,2016-07-15.01:10:25,0,41476,216126,42598,220645,0,0,44314,42491,42423,2,-1
S_ERK-PT-001000_LTLS_14_F_,ufscc,64,spotba,1037,0.480,2016-07-15.01:10:27,0,47436,257763,48563,262770,0,0,51550,48476,47867,2,-1
S_ERK-PT-001000_LTLS_15_F_,ufscc,64,spotba,1013,0.510,2016-07-15.01:10:29,0,44453,231136,45687,236300,0,0,46761,45590,45505,2,-1
S_ERK-PT-001000_LTLS_1_F_,ufscc,64,spotba,1004,0.540,2016-07-15.01:10:31,0,43718,234168,44692,238391,0,0,49106,44611,44433,2,-1
S_ERK-PT-001000_LTLS_2_F_,ufscc,64,spotba,1020,0.550,2016-07-15.01:10:32,0,47689,238868,50708,249524,0,0,50055,50691,49968,2,-1
S_ERK-PT-001000_LTLS_3_F_,ufscc,64,spotba,1013,0.660,2016-07-15.01:10:35,0,45804,233472,52009,255600,0,0,51971,52002,51812,2,-1
S_ERK-PT-001000_LTLS_4_F_,ufscc,64,spotba,1010,0.490,2016-07-15.01:10:37,0,48522,251222,49753,255879,0,0,51536,49592,49542,2,-1
S_ERK-PT-001000_LTLS_5_F_,ufscc,64,spotba,1016,0.510,2016-07-15.01:10:38,0,51808,274665,53750,282626,0,0,56999,53699,53598,2,-1
S_ERK-PT-001000_LTLS_6_F_,ufscc,64,spotba,1016,0.520,2016-07-15.01:10:40,0,34943,181885,35844,185558,0,0,33064,35724,35674,2,-1
S_ERK-PT-001000_LTLS_7_F_,ufscc,64,spotba,1010,0.510,2016-07-15.01:10:42,0,47113,251149,48569,257022,0,0,50598,48496,48099,2,-1
S_ERK-PT-001000_LTLS_8_F_,ufscc,64,spotba,1028,0.520,2016-07-15.01:10:44,0,58096,300150,59297,304920,0,0,60181,59225,59112,2,-1
S_ERK-PT-001000_LTLS_9_F_,ufscc,64,spotba,1016,0.500,2016-07-15.01:10:46,0,53001,272456,54602,278635,0,0,57262,54519,54048,2,-1
S_ERK-PT-010000_LTLS_0_F_,ufscc,64,spotba,10013,0.840,2016-07-15.01:10:50,0,550666,2776530,556817,2810774,0,0,548694,556760,556602,2,-1
S_ERK-PT-010000_LTLS_1_F_,ufscc,64,spotba,10021,0.980,2016-07-15.01:10:52,0,517212,2630972,519443,2640125,0,0,503006,519333,517241,2,-1
S_ERK-PT-010000_LTLS_2_F_,ufscc,64,spotba,10018,0.930,2016-07-15.01:10:55,0,512430,2694948,513225,2698170,0,0,495279,513136,512981,2,-1
S_ERK-PT-010000_LTLS_3_F_,ufscc,64,spotba,10013,0.920,2016-07-15.01:10:57,0,528700,2704716,531545,2715611,0,0,522450,531463,529166,2,-1
S_ERK-PT-010000_LTLS_4_F_,ufscc,64,spotba,10010,0.980,2016-07-15.01:11:01,0,553906,2776259,559132,2795041,0,0,556158,559125,559107,2,-1
S_ERK-PT-010000_LTLS_5_F_,ufscc,64,spotba,10025,0.920,2016-07-15.01:11:03,0,484466,2506081,485457,2510315,0,0,450752,485360,485219,2,-1
S_ERK-PT-010000_LTLS_6_F_,ufscc,64,spotba,10004,0.910,2016-07-15.01:11:05,0,482148,2457369,484554,2467202,0,0,440131,484495,484453,2,-1
S_ERK-PT-010000_LTLS_7_F_,ufscc,64,spotba,10004,0.900,2016-07-15.01:11:08,0,482888,2532117,484052,2536780,0,0,512686,483922,482709,2,-1
S_ERK-PT-010000_LTLS_8_F_,ufscc,64,spotba,10019,0.950,2016-07-15.01:11:10,0,544292,2794233,545190,2797719,0,0,524135,545093,544672,2,-1
S_ERK-PT-010000_LTLS_9_F_,ufscc,64,spotba,10025,0.870,2016-07-15.01:11:13,0,540736,2806622,542645,2815346,0,0,517554,542567,542234,2,-1
S_ERK-PT-100000_LTLF_13_F_,ufscc,64,spotba,100022,28.390,2016-07-15.01:11:43,0,5311234,27635050,5314752,27650843,0,0,5298908,5314723,5314581,3,-1
S_ERK-PT-100000_LTLF_14_F_,ufscc,64,spotba,100023,28.250,2016-07-15.01:12:14,2,4560026,46624010,4561115,46632550,0,1,8538271,4561050,4560662,4,-1
S_ERK-PT-100000_LTLF_1_F_,ufscc,64,spotba,100018,28.670,2016-07-15.01:12:44,0,5092529,26803789,5093339,26807025,0,0,5082396,5093259,5092203,6,-1
S_ERK-PT-100000_LTLF_3_F_,ufscc,64,spotba,100003,28.500,2016-07-15.01:13:14,0,4610700,27470467,4612666,27478450,0,0,5364408,4612634,4612508,3,-1
S_ERK-PT-100000_LTLF_9_F_,ufscc,64,spotba,100008,28.340,2016-07-15.01:13:44,1,4597964,24715938,4599509,24724248,0,1,4702635,4599399,4599185,2,-1
S_ERK-PT-100000_LTLS_0_F_,ufscc,64,spotba,100028,28.470,2016-07-15.01:14:14,0,5529182,27991903,5539554,28039601,0,0,5533780,5539537,5539419,2,-1
S_ERK-PT-100000_LTLS_1_F_,ufscc,64,spotba,100004,28.590,2016-07-15.01:14:44,0,4518554,24087883,4519780,24093285,0,0,4314041,4519698,4518000,2,-1
S_ERK-PT-100000_LTLS_2_F_,ufscc,64,spotba,100021,28.370,2016-07-15.01:15:14,0,4737959,24239641,4741312,24252067,0,0,4829376,4741289,4741276,2,-1
S_ERK-PT-100000_LTLS_3_F_,ufscc,64,spotba,100029,28.350,2016-07-15.01:15:44,0,4594649,24651618,4595765,24656416,0,0,4435523,4595685,4586958,2,-1
S_ERK-PT-100000_LTLS_4_F_,ufscc,64,spotba,100004,28.230,2016-07-15.01:16:14,0,4214668,23670446,4215511,23673959,0,0,4435159,4215432,4215286,2,-1
S_ERK-PT-100000_LTLS_5_F_,ufscc,64,spotba,100037,28.220,2016-07-15.01:16:43,0,4504564,23617354,4505504,23621500,0,0,4354419,4505444,4505075,2,-1
S_ERK-PT-100000_LTLS_6_F_,ufscc,64,spotba,100030,28.500,2016-07-15.01:17:13,0,5568575,30180085,5569976,30186382,0,0,5517970,5569892,5569505,2,-1
S_ERK-PT-100000_LTLS_7_F_,ufscc,64,spotba,100014,28.330,2016-07-15.01:17:43,0,4551723,24210955,4552818,24215789,0,0,4356741,4552747,4552646,2,-1
S_ERK-PT-100000_LTLS_8_F_,ufscc,64,spotba,100047,28.450,2016-07-15.01:18:13,0,4970155,25390684,4971256,25394984,0,0,4770326,4971021,4970924,2,-1
S_FMS-PT-200_LTLS_7_F_,ufscc,64,spotba,206,0.640,2016-07-15.01:18:19,0,9628,48035,10438,51593,0,0,745,10438,10438,2,-1
S_FMS-PT-500_LTLF_14_F_,ufscc,64,spotba,512,0.710,2016-07-15.01:18:22,0,32509,160280,33096,162941,0,0,4639,33096,33096,7,-1
S_FMS-PT-500_LTLS_0_F_,ufscc,64,spotba,513,0.700,2016-07-15.01:18:24,0,31366,158634,32980,165394,0,0,3294,32980,32980,2,-1
S_FMS-PT-500_LTLS_10_F_,ufscc,64,spotba,511,0.740,2016-07-15.01:18:26,0,26552,135519,27412,139131,0,0,1644,27412,27412,2,-1
S_FMS-PT-500_LTLS_11_F_,ufscc,64,spotba,506,0.760,2016-07-15.01:18:29,0,20180,99817,25722,122849,0,0,3648,25722,25722,2,-1
S_FMS-PT-500_LTLS_12_F_,ufscc,64,spotba,519,0.780,2016-07-15.01:18:32,0,23336,114545,28790,137251,0,0,2410,28790,28790,2,-1
S_FMS-PT-500_LTLS_13_F_,ufscc,64,spotba,525,0.690,2016-07-15.01:18:34,0,25731,128323,27277,135310,0,0,854,27277,27277,2,-1
S_FMS-PT-500_LTLS_14_F_,ufscc,64,spotba,510,0.730,2016-07-15.01:18:36,0,21770,106774,26174,124659,0,0,1968,26174,26174,2,-1
S_FMS-PT-500_LTLS_2_F_,ufscc,64,spotba,510,0.700,2016-07-15.01:18:39,0,25756,135614,26422,138550,0,0,4389,26422,26422,2,-1
S_FMS-PT-500_LTLS_3_F_,ufscc,64,spotba,522,0.700,2016-07-15.01:18:41,0,25350,127982,26053,130961,0,0,2284,26053,26053,2,-1
S_FMS-PT-500_LTLS_4_F_,ufscc,64,spotba,506,0.720,2016-07-15.01:18:43,0,33429,172080,34047,174773,0,0,5786,34027,34027,2,-1
S_FMS-PT-500_LTLS_5_F_,ufscc,64,spotba,508,0.710,2016-07-15.01:18:45,0,27504,137772,28165,140628,0,0,2418,28165,28165,2,-1
S_FMS-PT-500_LTLS_6_F_,ufscc,64,spotba,511,0.670,2016-07-15.01:18:47,0,24520,125180,26006,131437,0,0,3531,26006,26006,2,-1
S_FMS-PT-500_LTLS_7_F_,ufscc,64,spotba,511,0.770,2016-07-15.01:18:50,0,23553,115610,28759,137236,0,0,3337,28759,28759,2,-1
S_FMS-PT-500_LTLS_8_F_,ufscc,64,spotba,513,0.680,2016-07-15.01:18:52,0,28096,143460,28731,146211,0,0,2439,28731,28731,2,-1
S_FMS-PT-500_LTLS_9_F_,ufscc,64,spotba,507,0.700,2016-07-15.01:18:54,0,29424,151888,30013,154502,0,0,3643,30013,30013,2,-1
S_HouseConstruction-PT-020_LTLF_0_F_,ufscc,64,spotba,362,0.730,2016-07-15.01:19:01,0,15544,52632,17715,57895,1,0,0,17715,17715,5,-1
S_HouseConstruction-PT-020_LTLF_13_F_,ufscc,64,spotba,362,0.760,2016-07-15.01:19:03,0,15695,52704,16750,55190,1,0,0,16750,16750,2,-1
S_HouseConstruction-PT-020_LTLF_14_F_,ufscc,64,spotba,362,0.740,2016-07-15.01:19:05,0,15578,52970,16899,56469,1,0,0,16899,16899,2,-1
S_HouseConstruction-PT-020_LTLF_1_F_,ufscc,64,spotba,362,0.710,2016-07-15.01:19:07,0,13393,45758,14844,49417,1,0,0,14844,14844,3,-1
S_HouseConstruction-PT-020_LTLF_3_F_,ufscc,64,spotba,362,0.740,2016-07-15.01:19:10,0,15111,50785,16289,53689,1,0,0,16289,16289,2,-1
S_HouseConstruction-PT-020_LTLF_4_F_,ufscc,64,spotba,362,0.690,2016-07-15.01:19:12,0,16051,54745,17430,58221,1,0,0,17430,17430,3,-1
S_HouseConstruction-PT-020_LTLF_5_F_,ufscc,64,spotba,362,0.740,2016-07-15.01:19:14,0,14216,49070,16186,54206,1,0,0,16186,16186,7,-1
S_HouseConstruction-PT-020_LTLF_6_F_,ufscc,64,spotba,362,0.740,2016-07-15.01:19:16,0,14695,49372,15886,52378,1,0,0,15886,15886,2,-1
S_HouseConstruction-PT-020_LTLF_7_F_,ufscc,64,spotba,362,0.760,2016-07-15.01:19:19,11083,18872,47007,20734,51809,1,10394,0,20734,9281,5,-1
S_HouseConstruction-PT-020_LTLF_9_F_,ufscc,64,spotba,362,0.740,2016-07-15.01:19:21,0,13160,45193,15481,50932,1,0,0,15481,15481,2,-1
S_HouseConstruction-PT-050_LTLF_0_F_,ufscc,64,spotba,902,0.780,2016-07-15.01:19:28,0,27026,94494,28286,97733,1,0,0,28286,28286,2,-1
S_HouseConstruction-PT-050_LTLF_11_F_,ufscc,64,spotba,902,0.740,2016-07-15.01:19:30,0,38366,129818,40498,135237,1,0,0,40498,40498,2,-1
S_HouseConstruction-PT-050_LTLF_14_F_,ufscc,64,spotba,903,0.780,2016-07-15.01:19:33,4026,42404,252324,44830,266090,2,26,0,44830,40732,6,-1
S_HouseConstruction-PT-050_LTLF_15_F_,ufscc,64,spotba,902,0.770,2016-07-15.01:19:35,0,36741,124586,38955,129919,1,0,0,38955,38955,4,-1
S_HouseConstruction-PT-050_LTLF_2_F_,ufscc,64,spotba,902,0.800,2016-07-15.01:19:38,0,38430,132346,39657,135363,1,0,0,39657,39657,2,-1
S_HouseConstruction-PT-050_LTLF_4_F_,ufscc,64,spotba,902,0.740,2016-07-15.01:19:40,0,35852,122412,37534,126753,1,0,0,37534,37534,3,-1
S_HouseConstruction-PT-050_LTLF_5_F_,ufscc,64,spotba,902,0.770,2016-07-15.01:19:43,0,38252,135417,39865,139515,1,0,0,39865,39865,5,-1
S_HouseConstruction-PT-050_LTLF_6_F_,ufscc,64,spotba,902,0.790,2016-07-15.01:19:45,106,39369,136717,40784,141941,1,0,0,40784,40678,9,-1
S_HouseConstruction-PT-050_LTLF_7_F_,ufscc,64,spotba,902,0.790,2016-07-15.01:19:48,0,36558,125428,39094,131265,1,0,0,39094,39094,3,-1
S_HouseConstruction-PT-050_LTLF_8_F_,ufscc,64,spotba,902,0.750,2016-07-15.01:19:50,0,39695,134539,41228,138393,1,0,0,41228,41228,2,-1
S_HouseConstruction-PT-050_LTLF_9_F_,ufscc,64,spotba,902,0.770,2016-07-15.01:19:52,0,33667,117246,35079,120768,1,0,0,35079,35079,2,-1
S_HouseConstruction-PT-050_LTLS_11_F_,ufscc,64,spotba,902,0.760,2016-07-15.01:19:54,0,35924,121717,37342,125313,1,0,0,37342,37342,2,-1
S_HouseConstruction-PT-100_LTLF_0_F_,ufscc,64,spotba,1802,0.790,2016-07-15.01:20:01,0,71909,246425,73447,250320,1,0,0,73447,73447,2,-1
S_HouseConstruction-PT-100_LTLF_11_F_,ufscc,64,spotba,1802,0.780,2016-07-15.01:20:03,0,83185,282333,86027,289212,1,0,0,86027,86027,2,-1
S_HouseConstruction-PT-100_LTLF_12_F_,ufscc,64,spotba,1802,0.840,2016-07-15.01:20:06,0,66703,225928,71497,236822,1,0,0,71497,71497,2,-1
S_HouseConstruction-PT-100_LTLF_15_F_,ufscc,64,spotba,1802,0.790,2016-07-15.01:20:08,0,78198,269225,79509,272475,1,0,0,79509,79509,2,-1
S_HouseConstruction-PT-100_LTLF_1_F_,ufscc,64,spotba,1802,0.760,2016-07-15.01:20:10,0,82649,282227,84182,286651,1,0,0,84182,84182,8,-1
S_HouseConstruction-PT-100_LTLF_3_F_,ufscc,64,spotba,1802,0.870,2016-07-15.01:20:45,0,79476,269520,85069,282335,1,0,0,85069,85069,2,-1
S_HouseConstruction-PT-100_LTLF_5_F_,ufscc,64,spotba,1802,0.800,2016-07-15.01:20:48,0,89658,302000,90934,305381,1,0,0,90934,90934,5,-1
S_HouseConstruction-PT-100_LTLF_6_F_,ufscc,64,spotba,1803,0.810,2016-07-15.01:20:50,186,79103,293962,83002,303807,1,0,0,83002,82816,3,-1
S_HouseConstruction-PT-100_LTLF_7_F_,ufscc,64,spotba,1802,0.760,2016-07-15.01:20:52,0,85453,286874,86693,290226,1,0,0,86693,86693,4,-1
S_HouseConstruction-PT-100_LTLF_9_F_,ufscc,64,spotba,1802,0.730,2016-07-15.01:20:55,0,66299,228915,67894,233163,1,0,0,67894,67894,2,-1
S_HouseConstruction-PT-100_LTLS_11_F_,ufscc,64,spotba,1802,0.850,2016-07-15.01:20:57,0,73824,252559,78408,263539,1,0,0,78408,78408,2,-1
S_HouseConstruction-PT-100_LTLS_15_F_,ufscc,64,spotba,1802,0.790,2016-07-15.01:21:00,0,53204,183079,56408,190906,1,0,0,56408,56408,2,-1
S_HouseConstruction-PT-100_LTLS_6_F_,ufscc,64,spotba,1802,0.790,2016-07-15.01:21:02,5788,82395,271094,83904,275112,1,0,0,83904,78101,2,-1
S_HouseConstruction-PT-200_LTLF_0_F_,ufscc,64,spotba,3602,0.820,2016-07-15.01:21:07,0,171184,583828,172761,587839,1,0,0,172761,172761,2,-1
S_HouseConstruction-PT-200_LTLF_10_F_,ufscc,64,spotba,3602,0.890,2016-07-15.01:21:10,0,174756,592315,179042,602587,1,0,0,179042,179042,3,-1
S_HouseConstruction-PT-200_LTLF_11_F_,ufscc,64,spotba,3602,0.850,2016-07-15.01:21:12,0,178783,614542,180156,618058,1,0,0,180156,180156,2,-1
S_HouseConstruction-PT-200_LTLF_12_F_,ufscc,64,spotba,3602,0.820,2016-07-15.01:21:14,0,168086,589381,171421,598222,1,0,0,171421,171421,3,-1
S_HouseConstruction-PT-200_LTLF_14_F_,ufscc,64,spotba,3602,0.870,2016-07-15.01:21:17,0,163748,555520,167779,565407,1,0,0,167779,167779,4,-1
S_HouseConstruction-PT-200_LTLF_15_F_,ufscc,64,spotba,3602,0.820,2016-07-15.01:21:20,0,165029,573746,166409,577122,1,0,0,166409,166409,2,-1
S_HouseConstruction-PT-200_LTLF_1_F_,ufscc,64,spotba,3602,0.830,2016-07-15.01:21:22,0,181860,629491,183081,632882,1,0,0,183081,183081,7,-1
S_HouseConstruction-PT-200_LTLF_4_F_,ufscc,64,spotba,3602,0.820,2016-07-15.01:21:24,0,152345,535732,153775,539421,1,0,0,153775,153775,3,-1
S_HouseConstruction-PT-200_LTLF_5_F_,ufscc,64,spotba,3602,0.850,2016-07-15.01:21:27,0,176379,605694,177473,608452,1,0,0,177473,177473,2,-1
S_HouseConstruction-PT-200_LTLF_6_F_,ufscc,64,spotba,3602,0.810,2016-07-15.01:21:29,0,171567,596966,173526,601727,1,0,0,173526,173526,2,-1
S_HouseConstruction-PT-200_LTLS_6_F_,ufscc,64,spotba,3602,0.830,2016-07-15.01:21:32,8680,187958,622246,191516,631831,1,2,0,191516,182825,2,-1
S_HouseConstruction-PT-200_LTLS_8_F_,ufscc,64,spotba,3602,0.890,2016-07-15.01:21:34,9821,175847,587029,179778,597505,1,155,0,179778,169583,2,-1
S_HouseConstruction-PT-500_LTLF_10_F_,ufscc,64,spotba,9002,1.060,2016-07-15.01:21:43,0,438310,1474172,440698,1479933,1,0,0,440698,440698,2,-1
S_HouseConstruction-PT-500_LTLF_11_F_,ufscc,64,spotba,9002,1.090,2016-07-15.01:21:45,0,475035,1605219,476185,1608164,1,0,0,476185,476185,4,-1
S_HouseConstruction-PT-500_LTLF_12_F_,ufscc,64,spotba,9002,1.120,2016-07-15.01:21:48,0,448933,1520337,451167,1525953,1,0,0,451167,451167,4,-1
S_HouseConstruction-PT-500_LTLF_13_F_,ufscc,64,spotba,9002,1.110,2016-07-15.01:21:51,0,468503,1553497,469968,1557132,1,0,0,469968,469968,3,-1
S_HouseConstruction-PT-500_LTLF_15_F_,ufscc,64,spotba,9002,1.050,2016-07-15.01:21:54,0,448451,1565791,450367,1570097,1,0,0,450367,450367,2,-1
S_HouseConstruction-PT-500_LTLF_1_F_,ufscc,64,spotba,9002,1.140,2016-07-15.01:21:57,0,451576,1505002,456799,1518032,1,0,0,456799,456799,2,-1
S_HouseConstruction-PT-500_LTLF_2_F_,ufscc,64,spotba,9002,1.090,2016-07-15.01:22:00,0,449897,1543630,451365,1547280,1,0,0,451365,451365,2,-1
S_HouseConstruction-PT-500_LTLF_3_F_,ufscc,64,spotba,9002,1.050,2016-07-15.01:22:02,0,438633,1493689,440059,1496985,1,0,0,440059,440059,2,-1
S_HouseConstruction-PT-500_LTLF_5_F_,ufscc,64,spotba,9002,1.030,2016-07-15.01:22:05,0,460481,1554475,462796,1560634,1,0,0,462796,462796,2,-1
S_HouseConstruction-PT-500_LTLF_6_F_,ufscc,64,spotba,9002,1.100,2016-07-15.01:22:08,0,455856,1545918,459100,1553323,1,0,0,459100,459100,2,-1
S_HouseConstruction-PT-500_LTLF_8_F_,ufscc,64,spotba,9002,1.200,2016-07-15.01:22:11,85001,413752,1346338,425409,1387692,1,33663,0,425409,339081,3,-1
S_HouseConstruction-PT-500_LTLF_9_F_,ufscc,64,spotba,9002,1.030,2016-07-15.01:22:13,0,443648,1517609,445478,1522461,1,0,0,445478,445478,2,-1
S_Kanban-PT-0500_LTLS_0_F_,ufscc,64,spotba,513,0.670,2016-07-15.01:22:21,0,20096,97853,20949,100672,0,0,9778,20949,20948,2,-1
S_Kanban-PT-0500_LTLS_1_F_,ufscc,64,spotba,525,0.570,2016-07-15.01:22:23,0,25403,120685,26145,123345,0,0,11108,26124,26100,2,-1
S_Kanban-PT-0500_LTLS_2_F_,ufscc,64,spotba,520,0.580,2016-07-15.01:22:25,0,21416,102059,22529,105850,0,0,7148,22516,22516,2,-1
S_Kanban-PT-0500_LTLS_3_F_,ufscc,64,spotba,521,0.600,2016-07-15.01:22:26,0,23099,111091,23896,114041,0,0,7937,23860,23853,2,-1
S_Kanban-PT-0500_LTLS_4_F_,ufscc,64,spotba,523,0.600,2016-07-15.01:22:28,0,22235,109775,22853,111849,0,0,9897,22853,22844,2,-1
S_Kanban-PT-1000_LTLF_10_F_,ufscc,64,spotba,1017,0.590,2016-07-15.01:22:31,0,49191,228801,50454,233128,0,0,21623,50454,50451,5,-1
S_Kanban-PT-1000_LTLF_6_F_,ufscc,64,spotba,1020,0.630,2016-07-15.01:22:33,0,40878,198661,42257,203214,0,0,17098,42257,42257,6,-1
S_Kanban-PT-1000_LTLS_0_F_,ufscc,64,spotba,1029,0.590,2016-07-15.01:22:35,0,53179,251530,55669,259688,0,0,24835,55669,55638,2,-1
S_Kanban-PT-1000_LTLS_1_F_,ufscc,64,spotba,1018,0.600,2016-07-15.01:22:37,0,46583,225692,47383,228350,0,0,21909,47383,47354,2,-1
S_Kanban-PT-1000_LTLS_2_F_,ufscc,64,spotba,1031,0.590,2016-07-15.01:22:39,0,41472,193201,42428,196564,0,0,13648,42428,42427,2,-1
S_Philosophers-PT-000020_LTLS_14_F_,ufscc,64,spotba,22,2.230,2016-07-15.01:23:12,690889,691799,1143747,691900,1147701,1,435208,0,691900,1287,1,-1