model,buchi,sccs,allstates,alltrans,buchisize,scclist,largest_scc,scc1k,scc10k,scc100k,persistence

anderson.1_F_01,spotba,22,357771,723680,2,357750:1-1:21-,357750,357750,357750,357750,no
anderson.1_F_02,spotba,277165,632149,1740634,2,352645:1-10:260-1:276904-,352645,352645,352645,352645,yes
anderson.1_F_05,spotba,20,360828,722156,2,360809:1-1:19-,360809,360809,360809,360809,no
anderson.1_F_07,spotba,42068,394730,791986,3,352645:1-10:2-1:42065-,352645,352645,352645,352645,no
anderson.1_F_08,spotba,316682,671684,1342344,3,352645:1-10:262-1:316419-,352645,352645,352645,352645,no
anderson.1_F_09,spotba,20,353684,1257170,2,353665:1-1:19-,353665,353665,353665,353665,no
anderson.1_T_03,spotba,20,358786,716036,2,358767:1-1:19-,358767,358767,358767,358767,no
anderson.1_T_04,spotba,314381,669383,1889568,2,352645:1-10:262-1:314118-,352645,352645,352645,352645,yes
anderson.1_T_06,spotba,280283,632927,1671830,2,352645:1-1:280282-,352645,352645,352645,352645,yes
anderson.2_F_01,spotba,2,1656,4388,2,1655:1-1:1-,1655,1655,0,0,no
anderson.2_F_05,spotba,2,1873,4749,2,1872:1-1:1-,1872,1872,0,0,no
anderson.2_F_08,spotba,1127,3022,8773,3,1458:1-147:3-1:1123-,1458,1458,0,0,no
anderson.2_T_02,spotba,929,2386,7699,2,1458:1-1:928-,1458,1458,0,0,yes
anderson.2_T_03,spotba,2,1620,4122,2,1619:1-1:1-,1619,1619,0,0,no
anderson.2_T_04,spotba,1002,2897,10498,2,1458:1-147:3-1:998-,1458,1458,0,0,yes
anderson.2_T_06,spotba,1376,2833,9198,2,1458:1-1:1375-,1458,1458,0,0,yes
anderson.2_T_07,spotba,183,1640,4148,3,1458:1-1:182-,1458,1458,0,0,no
anderson.2_T_09,spotba,2,1459,9453,2,1458:1-1:1-,1458,1458,0,0,no
anderson.3_F_01,spotba,1835673,136111647,409658183,2,134275975:1-1:1835672-,134275975,134275975,134275975,134275975,no
anderson.3_F_05,spotba,2150306,142342325,420629682,2,140192020:1-1:2150305-,140192020,140192020,140192020,140192020,no
anderson.3_F_07,spotba,14562638,145128911,428973997,3,130167508:1-127695:3-176:6-147:3-15:1014-1:14561611-,130167508,130550593,130550593,130550593,no
anderson.3_T_03,spotba,1789974,136645397,402087559,2,134855424:1-1:1789973-,134855424,134855424,134855424,134855424,no
anderson.4_F_01,spotba,2,33278,113984,2,33277:1-1:1-,33277,33277,33277,0,no
anderson.4_F_05,spotba,2,39537,130164,2,39536:1-1:1-,39536,39536,39536,0,no
anderson.4_F_08,spotba,21963,61418,235008,3,29640:1-2455:4-1:21958-,29640,39460,29640,0,no
anderson.4_T_02,spotba,18544,48183,203160,2,29640:1-1:18543-,29640,29640,29640,0,yes
anderson.4_T_03,spotba,2,32450,106988,2,32449:1-1:1-,32449,32449,32449,0,no
anderson.4_T_04,spotba,19640,59095,280716,2,29640:1-2455:4-1:19635-,29640,39460,29640,0,yes
anderson.4_T_06,spotba,28566,58205,243904,2,29640:1-1:28565-,29640,29640,29640,0,yes
anderson.4_T_07,spotba,2997,32636,107132,3,29640:1-1:2996-,29640,29640,29640,0,no
anderson.4_T_09,spotba,2,29641,323560,2,29640:1-1:1-,29640,29640,29640,0,no
anderson.6_F_01,spotba,2,19989518,98752168,2,19989517:1-1:1-,19989517,19989517,19989517,19989517,no
anderson.6_F_05,spotba,2,25188709,120787614,2,25188708:1-1:1-,25188708,25188708,25188708,25188708,no
anderson.6_F_08,spotba,12761189,37535884,212270130,3,18206916:1-1094631:6-1:12761182-,18206916,24774702,24774702,24774702,no
anderson.6_T_02,spotba,11108112,29315027,181632960,2,18206916:1-1:11108111-,18206916,18206916,18206916,18206916,yes
anderson.6_T_03,spotba,2,19499788,93348128,2,19499787:1-1:1-,19499787,19499787,19499787,19499787,no
anderson.6_T_04,spotba,11606588,36381283,254109048,2,18206916:1-1094631:6-1:11606581-,18206916,24774702,24774702,24774702,yes
anderson.6_T_06,spotba,17912756,36119671,219116316,2,18206916:1-1:17912755-,18206916,18206916,18206916,18206916,yes
anderson.6_T_07,spotba,1325423,19532338,93264408,3,18206916:1-1:1325422-,18206916,18206916,18206916,18206916,no
anderson.6_T_09,spotba,2,18206917,421708752,2,18206916:1-1:1-,18206916,18206916,18206916,18206916,no
at.1_F_01,spotba,1,41633,117045,2,41633:1-1:0-,41633,41633,41633,0,no
at.1_F_02,spotba,9660,69680,193956,2,39354:1-20668:1-1:9658-,39354,60022,60022,0,yes
at.1_F_05,spotba,2,43285,119923,2,43284:1-1:1-,43284,43284,43284,0,no
at.1_F_06,spotba,37213,76566,301305,2,39354:1-1:37212-,39354,39354,39354,0,yes
at.1_T_03,spotba,2,40665,112269,2,40664:1-1:1-,40664,40664,40664,0,no
at.1_T_04,spotba,16148,77994,317311,2,39354:1-20668:1-1086:1-24:3-8:96-1:16046-,39354,61108,60022,0,yes
at.2_F_01,spotba,1,52717,168797,2,52717:1-1:0-,52717,52717,52717,0,no
at.2_F_02,spotba,12629,83536,246750,2,49443:1-20916:1-24:2-8:72-1:12553-,49443,70359,70359,0,yes
at.2_F_05,spotba,2,57340,174634,2,57339:1-1:1-,57339,57339,57339,0,no
at.2_F_06,spotba,40021,89463,356631,2,49443:1-1:40020-,49443,49443,49443,0,yes
at.2_T_03,spotba,2,52630,157458,2,52629:1-1:1-,52629,52629,52629,0,no
at.2_T_04,spotba,22533,95684,411108,2,49443:1-20916:1-1210:1-24:5-8:210-1:22315-,49443,71569,70359,0,yes
at.3_F_01,spotba,1,1797836,6848167,2,1797836:1-1:0-,1797836,1797836,1797836,1797836,no
at.3_F_02,spotba,315611,2925915,10433415,2,1711620:1-891397:1-48:1-24:51-8:867-1:314690-,1711620,2603017,2603017,2603017,yes
at.3_F_05,spotba,2,2001665,7321629,2,2001664:1-1:1-,2001664,2001664,2001664,2001664,no
at.3_F_06,spotba,1279889,2991508,14204584,2,1711620:1-1:1279888-,1711620,1711620,1711620,1711620,yes
at.3_T_03,spotba,2,1806553,6439562,2,1806552:1-1:1-,1806552,1806552,1806552,1806552,no
at.3_T_04,spotba,611818,3309985,17130417,2,1711620:1-891397:1-50328:1-48:4-24:258-8:5529-1:606024-,1711620,2653345,2653345,2603017,yes
at.4_F_01,spotba,1,6981934,27363283,2,6981934:1-1:0-,6981934,6981934,6981934,6981934,no
at.4_F_02,spotba,968338,11988143,47534718,2,6597245:1-4422562:1-1:968336-,6597245,11019807,11019807,11019807,yes
at.4_F_05,spotba,2,7813286,30181051,2,7813285:1-1:1-,7813285,7813285,7813285,7813285,no
at.4_F_06,spotba,6406126,13003370,70105485,2,6597245:1-1:6406125-,6597245,6597245,6597245,6597245,yes
at.4_T_03,spotba,2,6840718,26413371,2,6840717:1-1:1-,6840717,6840717,6840717,6840717,no
at.4_T_04,spotba,1678506,13156266,75149433,2,6597245:1-4422562:1-333208:1-80:2-48:92-24:1578-8:11996-1:1664835-,6597245,11353015,11353015,11353015,yes
at.5_F_01,spotba,1,33461741,132499507,2,33461741:1-1:0-,33461741,33461741,33461741,33461741,no
at.5_F_02,spotba,4725408,58764238,234503620,2,31999440:1-22039392:1-1:4725406-,31999440,54038832,54038832,54038832,yes
at.5_F_05,spotba,2,35342833,138539958,2,35342832:1-1:1-,35342832,35342832,35342832,35342832,no
at.5_F_06,spotba,26532748,63189264,355464424,2,31999440:1-3528713:1-168417:4-7929:6-371:4-18:1-8:57948-1:26474783-,31999440,36249395,36201821,36201821,yes
at.5_F_07,spotba,1,33461741,132499507,2,33461741:1-1:0-,33461741,33461741,33461741,33461741,no
at.5_F_08,spotba,4725408,58764238,234503620,2,31999440:1-22039392:1-1:4725406-,31999440,54038832,54038832,54038832,yes
at.5_F_11,spotba,2,36178261,141865471,2,36178260:1-1:1-,36178260,36178260,36178260,36178260,no
at.5_F_12,spotba,30987421,62986860,350407145,2,31999440:1-1:30987420-,31999440,31999440,31999440,31999440,yes
at.5_T_03,spotba,2,32835541,128559387,2,32835540:1-1:1-,32835540,32835540,32835540,32835540,no
at.5_T_04,spotba,8127606,63796476,370636261,2,31999440:1-22039392:1-1178112:1-80:3-48:192-24:4572-8:48216-1:8074620-,31999440,55216944,55216944,55216944,yes
at.5_T_09,spotba,2,32835541,128559387,2,32835540:1-1:1-,32835540,32835540,32835540,32835540,no
at.5_T_10,spotba,8127606,63796476,370636261,2,31999440:1-22039392:1-1178112:1-80:3-48:192-24:4572-8:48216-1:8074620-,31999440,55216944,55216944,55216944,yes
bakery.1_F_01,spotba,50,1623,2993,2,1556:1-10:2-1:47-,1556,1556,0,0,no
bakery.1_F_02,spotba,1301,2761,6837,2,1443:1-10:2-1:1298-,1443,1443,0,0,yes
bakery.1_F_05,spotba,50,1751,3157,2,1684:1-10:2-1:47-,1684,1684,0,0,no
bakery.1_F_06,spotba,1486,2946,7254,2,1443:1-10:2-1:1483-,1443,1443,0,0,yes
bakery.1_F_08,spotba,1503,3053,5786,3,1443:1-10:12-1:1490-,1443,1443,0,0,no
bakery.1_T_03,spotba,49,1617,2905,2,1551:1-10:2-1:46-,1551,1551,0,0,no
bakery.1_T_04,spotba,1437,2987,7751,2,1443:1-10:12-1:1424-,1443,1443,0,0,yes
bakery.1_T_07,spotba,181,1641,2937,3,1443:1-10:2-1:178-,1443,1443,0,0,no
bakery.1_T_09,spotba,46,1506,5043,2,1443:1-10:2-1:43-,1443,1443,0,0,no
bakery.2_F_01,spotba,50,1274,2482,2,1207:1-10:2-1:47-,1207,1207,0,0,no
bakery.2_F_02,spotba,803,2128,5245,2,1083:1-10:27-1:775-,1083,1083,0,0,yes
bakery.2_F_05,spotba,50,1441,2677,2,1374:1-10:2-1:47-,1374,1374,0,0,no
bakery.2_F_06,spotba,1140,2240,5410,2,1083:1-10:2-1:1137-,1083,1083,0,0,yes
bakery.2_F_07,spotba,188,1333,2441,3,1083:1-10:7-1:180-,1083,1083,0,0,no
bakery.2_F_08,spotba,933,2321,4333,3,1083:1-10:34-1:898-,1083,1083,0,0,no
bakery.2_F_09,spotba,46,1166,3831,2,1103:1-10:2-1:43-,1103,1103,0,0,no
bakery.2_T_03,spotba,49,1318,2421,2,1252:1-10:2-1:46-,1252,1252,0,0,no
bakery.2_T_04,spotba,888,2276,5841,2,1083:1-10:34-1:853-,1083,1083,0,0,yes
bakery.3_F_01,spotba,5489,35162,92434,2,26822:1-974:1-971:1-874:1-13:3-1:5482-,26822,26822,26822,0,no
bakery.3_F_02,spotba,31651,59447,215750,2,25071:1-971:1-911:1-811:1-13:3-1:31644-,25071,25071,25071,0,yes
bakery.3_F_05,spotba,5774,37875,98650,2,28997:1-1122:1-1036:1-914:1-13:3-1:5767-,28997,31155,28997,0,no
bakery.3_F_06,spotba,37739,65535,238715,2,25071:1-971:1-911:1-811:1-13:3-1:37732-,25071,25071,25071,0,yes
bakery.3_F_08,spotba,34643,67409,190219,3,25071:1-971:6-911:1-811:1-13:13-1:34621-,25071,25071,25071,0,no
bakery.3_T_03,spotba,5324,34152,88483,2,26005:1-971:1-960:1-860:1-13:3-1:5317-,26005,26005,26005,0,no
bakery.3_T_04,spotba,32995,65761,251409,2,25071:1-971:6-911:1-811:1-13:13-1:32973-,25071,25071,25071,0,yes
bakery.3_T_07,spotba,6432,34228,88451,3,25071:1-971:1-911:1-811:1-13:3-1:6425-,25071,25071,25071,0,no
bakery.3_T_09,spotba,5123,32919,239602,2,25071:1-971:1-911:1-811:1-13:3-1:5116-,25071,25071,25071,0,no
bakery.4_F_01,spotba,16458,171758,479002,2,149489:1-2006:1-1912:1-1861:1-13:3-1:16451-,149489,155268,149489,149489,no
bakery.4_F_02,spotba,107944,294879,1071313,2,136266:1-1861:1-1839:1-1745:1-1488:7-1115:7-742:7-369:7-107:7-13:1543-1:106362-,136266,159932,136266,136266,yes
bakery.4_F_05,spotba,18330,205970,554665,2,180932:1-2292:1-2248:1-2136:1-13:3-1:18323-,180932,187608,180932,180932,no
bakery.4_F_06,spotba,169039,310782,1073364,2,136266:1-1861:1-1839:1-1745:1-13:3-1:169032-,136266,141711,136266,136266,yes
bakery.4_F_07,spotba,28809,177008,466890,3,136266:1-1861:1-1839:1-1745:1-1488:1-1115:1-742:1-369:1-107:1-13:223-1:28577-,136266,144314,136266,136266,no
bakery.4_F_08,spotba,118617,318740,862367,3,136266:1-1861:8-1839:1-1745:1-1488:7-1115:7-742:7-369:7-107:7-13:1557-1:117014-,136266,172959,136266,136266,no
bakery.4_F_09,spotba,15440,162746,1093360,2,141769:1-1881:1-1859:1-1765:1-13:3-1:15433-,141769,147274,141769,141769,no
bakery.4_T_03,spotba,16535,176799,467540,2,154349:1-2058:1-1964:1-1861:1-13:3-1:16528-,154349,160232,154349,154349,no
bakery.4_T_04,spotba,113673,313796,1179276,2,136266:1-1861:8-1839:1-1745:1-1488:7-1115:7-742:7-369:7-107:7-13:1557-1:112070-,136266,172959,136266,136266,yes
bakery.5_F_01,spotba,1053961,8234824,28458998,2,6577554:1-172587:1-157086:1-135237:1-121829:1-3043:1-2906:1-2904:1-2681:1-2631:1-2356:1-16:4-1:1053946-,6577554,7180814,7164293,7164293,no
bakery.5_F_02,spotba,7138251,14004580,67850530,2,6283955:1-172587:1-149636:1-128443:1-115561:1-3043:1-2904:1-2765:1-2681:1-2490:1-2215:1-16:4-1:7138236-,6283955,6866280,6850182,6850182,yes
bakery.5_F_05,spotba,1116766,8885311,30693828,2,7108760:1-197118:1-169421:1-145058:1-130099:1-3464:1-3275:1-3086:1-3006:1-2765:1-2444:1-16:4-1:1116751-,7108760,7768496,7750456,7750456,no
bakery.5_F_06,spotba,8848756,15715085,77088467,2,6283955:1-172587:1-149636:1-128443:1-115561:1-3043:1-2904:1-2765:1-2681:1-2490:1-2215:1-16:4-1:8848741-,6283955,6866280,6850182,6850182,yes
bakery.5_F_08,spotba,7725615,16041992,61268480,3,6283955:1-172587:9-149636:1-128443:1-115561:1-3043:9-2904:9-2765:1-2681:9-2490:1-2215:1-16:28-1:7725544-,6283955,8316000,8230878,8230878,no
bakery.5_T_03,spotba,1015086,7979008,27430456,2,6371343:1-172587:1-152901:1-131732:1-118894:1-3043:1-2904:1-2871:1-2681:1-2596:1-2321:1-16:4-1:1015071-,6371343,6963873,6947457,6947457,no
bakery.5_T_04,spotba,7412659,15729036,80631925,2,6283955:1-172587:9-149636:1-128443:1-115561:1-3043:9-2904:9-2765:1-2681:9-2490:1-2215:1-16:28-1:7412588-,6283955,8316000,8230878,8230878,yes
bakery.5_T_07,spotba,1116444,7982773,27409815,3,6283955:1-172587:1-149636:1-128443:1-115561:1-3043:1-2904:1-2765:1-2681:1-2490:1-2215:1-16:4-1:1116429-,6283955,6866280,6850182,6850182,no
bakery.5_T_09,spotba,1000072,7866401,102226606,2,6283955:1-172587:1-149636:1-128443:1-115561:1-3043:1-2904:1-2765:1-2681:1-2490:1-2215:1-16:4-1:1000057-,6283955,6866280,6850182,6850182,no
bakery.6_F_01,spotba,2812143,12761817,45602100,2,9269223:1-174642:1-167404:1-164925:1-159788:1-2412:1-2313:1-2263:1-2252:1-2214:1-2189:1-16:4-1:2812128-,9269223,9949625,9935982,9935982,no
bakery.6_F_02,spotba,9841969,22304571,107019057,2,8567257:1-164925:1-161650:1-154614:1-147198:1-90351:9-40011:9-11380:9-2263:1-2252:1-2241:1-2189:1-2142:1-2043:1-1693:36-1686:36-1643:36-1123:135-1120:135-1097:135-1031:9-554:234-553:234-551:234-164:333-154:333-148:333-16:53086-1:9786622-,8567257,11125423,10471322,9195644,yes
bakery.6_F_05,spotba,3248801,15385805,53770206,2,11319348:1-210826:1-205691:1-197074:1-188344:1-2720:1-2691:1-2662:1-2614:1-2549:1-2436:1-16:4-1:3248786-,11319348,12136955,12121283,12121283,no
bakery.6_F_06,spotba,14298061,23506884,106540621,2,8567257:1-164925:1-161650:1-154614:1-147198:1-2263:1-2252:1-2241:1-2189:1-2142:1-2043:1-16:4-1:14298046-,8567257,9208774,9195644,9195644,yes
bakery.6_F_07,spotba,3387896,12958250,44358046,3,8567257:1-164925:1-161650:1-154614:1-147198:1-90351:1-40011:1-11380:1-2263:1-2252:1-2241:1-2189:1-2142:1-2043:1-1693:4-1686:4-1643:4-1123:15-1120:15-1097:15-1031:1-554:26-553:26-551:26-164:37-154:37-148:37-16:5902-1:3381733-,8567257,9421735,9337386,9195644,no
bakery.6_F_08,spotba,10557120,24049742,85166615,3,8567257:1-164925:7-161650:1-154614:1-147198:1-90351:9-40011:9-11380:9-2263:7-2252:7-2241:1-2189:7-2142:1-2043:1-1693:36-1686:36-1643:36-1123:135-1120:135-1097:135-1031:9-554:234-553:234-551:234-164:333-154:333-148:333-16:53104-1:10501731-,8567257,12155197,11460872,10185194,no
bakery.6_F_09,spotba,2688188,12296167,141434765,2,8949341:1-169355:1-165924:1-158780:1-151304:1-2279:1-2268:1-2257:1-2205:1-2158:1-2059:1-16:4-1:2688173-,8949341,9607930,9594704,9594704,no
bakery.6_T_03,spotba,2822234,12955724,44435009,2,9441899:1-178291:1-171057:1-164925:1-163491:1-2457:1-2358:1-2263:1-2259:1-2252:1-2189:1-16:4-1:2822219-,9441899,10133441,10119663,10119663,no
bakery.6_T_04,spotba,10194921,23687543,117227940,2,8567257:1-164925:7-161650:1-154614:1-147198:1-90351:9-40011:9-11380:9-2263:7-2252:7-2241:1-2189:7-2142:1-2043:1-1693:36-1686:36-1643:36-1123:135-1120:135-1097:135-1031:9-554:234-553:234-551:234-164:333-154:333-148:333-16:53104-1:10139532-,8567257,12155197,11460872,10185194,yes
bakery.7_F_01,spotba,1994986,30284702,105593365,2,26778302:1-430642:1-394926:1-344502:1-311039:1-5593:1-5334:1-5321:1-4911:1-4806:1-4291:1-16:4-1:1994971-,26778302,28289667,28259411,28259411,no
bakery.7_F_02,spotba,23954629,51104603,248446752,2,25686895:1-430642:1-377776:1-328693:1-296401:1-5593:1-5334:1-5075:1-4911:1-4560:1-4045:1-16:4-1:23954614-,25686895,27149925,27120407,27120407,yes
bakery.7_F_05,spotba,2127742,32991122,114982448,2,29206210:1-491563:1-427761:1-371178:1-333539:1-6364:1-6015:1-5666:1-5506:1-5065:1-4464:1-16:4-1:2127727-,29206210,30863331,30830251,30830251,no
bakery.7_F_06,spotba,30858816,58008790,286443887,2,25686895:1-430642:1-377776:1-328693:1-296401:1-5593:1-5334:1-5075:1-4911:1-4560:1-4045:1-16:4-1:30858801-,25686895,27149925,27120407,27120407,yes
bakery.7_F_08,spotba,26157523,59112270,230070077,3,25686895:1-430642:14-377776:1-328693:1-296401:1-5593:14-5334:14-5075:1-4911:14-4560:1-4045:1-16:43-1:26157417-,25686895,32954165,32718753,32718753,no
bakery.7_T_03,spotba,1926586,29457443,102195366,2,26042208:1-430642:1-386051:1-337012:1-304804:1-5593:1-5334:1-5266:1-4911:1-4751:1-4236:1-16:4-1:1926571-,26042208,27530808,27500717,27500717,no
bakery.7_T_04,spotba,25121669,58076416,300460875,2,25686895:1-430642:14-377776:1-328693:1-296401:1-5593:14-5334:14-5075:1-4911:14-4560:1-4045:1-16:43-1:25121563-,25686895,32954165,32718753,32718753,yes
bakery.7_T_07,spotba,2325994,29475968,102138285,3,25686895:1-430642:1-377776:1-328693:1-296401:1-5593:1-5334:1-5075:1-4911:1-4560:1-4045:1-16:4-1:2325979-,25686895,27149925,27120407,27120407,no
bakery.7_T_09,spotba,1897497,29047471,379826941,2,25686895:1-430642:1-377776:1-328693:1-296401:1-5593:1-5334:1-5075:1-4911:1-4560:1-4045:1-16:4-1:1897482-,25686895,27149925,27120407,27120407,no
bopdp.1_F_05,spotba,12092,12642,24706,2,23:25-1:12067-,23,0,0,0,yes
bopdp.1_F_07,spotba,18716,19640,37094,2,23:42-1:18674-,23,0,0,0,yes
bopdp.1_T_06,spotba,12092,12642,24706,3,23:25-1:12067-,23,0,0,0,yes
bopdp.1_T_08,spotba,18716,19640,37094,3,23:42-1:18674-,23,0,0,0,yes
bopdp.2_F_05,spotba,50,25685,73942,2,25625:1-12:1-1:48-,25625,25625,25625,0,yes
bopdp.2_F_07,spotba,50,47586,135288,2,47526:1-12:1-1:48-,47526,47526,47526,0,yes
bopdp.2_T_06,spotba,50,25685,73942,3,25625:1-12:1-1:48-,25625,25625,25625,0,yes
bopdp.2_T_08,spotba,50,47586,135288,3,47526:1-12:1-1:48-,47526,47526,47526,0,yes
bopdp.3_F_05,spotba,1023793,1040953,2788311,2,23:780-1:1023013-,23,0,0,0,yes
bopdp.3_F_07,spotba,1906471,1940439,5125188,2,23:1544-1:1904927-,23,0,0,0,yes
bopdp.3_T_06,spotba,1023793,1040953,2788311,3,23:780-1:1023013-,23,0,0,0,yes
bopdp.3_T_08,spotba,1906471,1940439,5125188,3,23:1544-1:1904927-,23,0,0,0,yes
brp.1_F_01,spotba,2938,19426,37849,2,16164:1-14:25-1:2912-,16164,16164,16164,0,no
brp.1_F_02,spotba,18923,34971,94852,2,15724:1-14:25-1:18897-,15724,15724,15724,0,yes
brp.1_F_03,spotba,2880,19088,37769,2,15884:1-14:25-1:2854-,15884,15884,15884,0,no
brp.1_F_04,spotba,11640,36125,97502,2,15724:1-2860:1-2188:1-1512:1-776:1-14:110-1:11525-,15724,22284,15724,0,yes
brp.2_F_01,spotba,12320,30292,63068,2,16698:1-18:75-1:12244-,16698,16698,16698,0,no
brp.2_F_02,spotba,37975,55603,161691,2,16354:1-18:75-1:37899-,16354,16354,16354,0,yes
brp.2_F_03,spotba,11560,29332,59654,2,16498:1-18:75-1:11484-,16498,16498,16498,0,no
brp.2_F_04,spotba,33734,57253,166485,2,16354:1-2172:1-1120:1-18:228-1:33503-,16354,19646,16354,0,yes
brp.3_F_01,spotba,238480,1015425,2137648,2,758856:1-28:670-1:237809-,758856,758856,758856,758856,no
brp.3_F_02,spotba,1172444,1943869,5905544,2,753336:1-28:670-1:1171773-,753336,753336,753336,753336,yes
brp.3_F_03,spotba,225202,997507,2073658,2,754216:1-28:670-1:224531-,754216,754216,754216,754216,no
brp.3_F_04,spotba,1072547,1972553,5994324,2,753336:1-15880:1-14158:1-12436:1-10714:1-8992:1-7270:1-5548:1-3822:1-1980:1-28:2440-1:1070097-,753336,834136,806524,753336,yes
brp.4_F_01,spotba,1789200,12198885,25717158,2,10290306:1-48:2540-1:1786659-,10290306,10290306,10290306,10290306,no
brp.4_F_02,spotba,13430684,23802889,73635884,2,10252826:1-48:2540-1:13428143-,10252826,10252826,10252826,10252826,yes
brp.4_F_03,spotba,1696242,12071807,25278288,2,10256186:1-48:2540-1:1693701-,10256186,10256186,10256186,10256186,no
brp.4_F_04,spotba,12649597,23982293,74217104,2,10252826:1-61900:1-58678:1-55456:1-52234:1-49012:1-45790:1-42568:1-39346:1-36124:1-32902:1-29680:1-26458:1-23236:1-20014:1-16792:1-13570:1-10348:1-7122:1-3700:1-48:9680-1:12639897-,10252826,10877756,10866934,10252826,yes
brp.5_F_01,spotba,2633560,17912705,37717278,2,15108966:1-68:2540-1:2631019-,15108966,15108966,15108966,15108966,no
brp.5_F_02,spotba,19807264,35046929,108643444,2,15069486:1-68:2540-1:19804723-,15069486,15069486,15069486,15069486,yes
brp.5_F_03,spotba,2500602,17745227,37187208,2,15074446:1-68:2540-1:2498061-,15074446,15074446,15074446,15074446,no
brp.5_F_04,spotba,18618757,35252333,109332664,2,15069486:1-90700:1-85978:1-81256:1-76534:1-71812:1-67090:1-62368:1-57646:1-52924:1-48202:1-43480:1-38758:1-34036:1-29314:1-24592:1-19870:1-15148:1-10422:1-5420:1-68:9680-1:18609057-,15069486,15985036,15979616,15069486,yes
brp.6_F_01,spotba,4580558,43081891,90934169,2,38204004:1-54:5610-1:4574947-,38204004,38204004,38204004,38204004,no
brp.6_F_02,spotba,46169788,84553381,263092767,2,38086264:1-54:5610-1:46164177-,38086264,38086264,38086264,38086264,yes
brp.6_F_03,spotba,4344520,42733873,89675579,2,38092024:1-54:5610-1:4338909-,38092024,38092024,38092024,38092024,no
brp.6_F_04,spotba,44204735,85061605,264738027,2,38086264:1-107260:1-103588:1-99916:1-96244:1-92572:1-88900:1-85228:1-81556:1-77884:1-74212:1-70540:1-66868:1-63196:1-59524:1-55852:1-52180:1-48508:1-44836:1-41164:1-37492:1-33820:1-30148:1-26476:1-22804:1-19132:1-15460:1-11788:1-8112:1-4216:1-54:21720-1:44182985-,38086264,39705740,39693412,38297112,yes
elevator.1_F_01,spotba,4,9408,20259,2,9405:1-1:3-,9405,9405,0,0,no
elevator.1_F_03,spotba,4,8943,21952,2,8940:1-1:3-,8940,8940,0,0,no
elevator.1_T_02,spotba,3869,12408,27375,2,8540:1-1:3868-,8540,8540,0,0,yes
elevator.1_T_04,spotba,2304,10843,22314,2,8540:1-1:2303-,8540,8540,0,0,yes
elevator.2_F_01,spotba,2,3141,6838,2,3140:1-1:1-,3140,3140,0,0,no
elevator.2_F_02,spotba,1262,4217,9326,2,2824:1-36:2-32:2-1:1257-,2824,2824,0,0,yes
elevator.2_F_03,spotba,2,2977,7200,2,2976:1-1:1-,2976,2976,0,0,no
elevator.2_T_04,spotba,742,3565,7550,2,2824:1-1:741-,2824,2824,0,0,yes
elevator.3_F_01,spotba,2,448291,1241889,2,448290:1-1:1-,448290,448290,448290,448290,no
elevator.3_F_02,spotba,149970,597117,1694955,2,416934:1-946:2-940:2-928:2-922:2-920:2-916:2-902:2-884:4-878:2-832:4-814:4-808:2-112:12-108:12-100:12-1:149903-,416934,416934,416934,416934,yes
elevator.3_F_03,spotba,2,428773,1524294,2,428772:1-1:1-,428772,428772,428772,428772,no
elevator.3_T_04,spotba,78530,495463,1374477,2,416934:1-1:78529-,416934,416934,416934,416934,yes
elevator.4_F_01,spotba,6,965765,2671896,2,965760:1-1:5-,965760,965760,965760,965760,no
elevator.4_F_03,spotba,6,933881,3470291,2,933876:1-1:5-,933876,933876,933876,933876,no
elevator.4_T_02,spotba,474226,1362273,4305557,2,888048:1-1:474225-,888048,888048,888048,888048,yes
elevator.4_T_04,spotba,118406,1006453,2756648,2,888048:1-1:118405-,888048,888048,888048,888048,yes
fischer.1_F_01,spotba,1,761,1739,2,761:1-1:0-,761,0,0,0,no
fischer.1_F_02,spotba,153,1263,3173,2,634:1-478:1-1:151-,634,0,0,0,yes
fischer.1_F_05,spotba,1,674,1516,2,674:1-1:0-,674,0,0,0,no
fischer.1_F_06,spotba,632,1265,4026,2,634:1-1:631-,634,0,0,0,yes
fischer.1_T_03,spotba,1,650,1445,2,650:1-1:0-,650,0,0,0,no
fischer.1_T_04,spotba,157,1267,4132,2,634:1-478:1-1:155-,634,0,0,0,yes
fischer.2_F_01,spotba,1,24735,84797,2,24735:1-1:0-,24735,24735,24735,0,no
fischer.2_F_02,spotba,1565,40852,149854,2,21733:1-17556:1-1:1563-,21733,39289,39289,0,yes
fischer.2_F_05,spotba,1,24888,83709,2,24888:1-1:0-,24888,24888,24888,0,no
fischer.2_F_06,spotba,14616,36348,153258,2,21733:1-1:14615-,21733,21733,21733,0,yes
fischer.2_T_03,spotba,1,22994,72417,2,22994:1-1:0-,22994,22994,22994,0,no
fischer.2_T_04,spotba,2133,41420,187971,2,21733:1-17556:1-1:2131-,21733,39289,39289,0,yes
fischer.3_F_01,spotba,1,3289999,15242637,2,3289999:1-1:0-,3289999,3289999,3289999,3289999,no
fischer.3_F_02,spotba,72701,5483544,27556672,2,2896705:1-2514140:1-1:72699-,2896705,5410845,5410845,5410845,yes
fischer.3_F_05,spotba,1,3317030,15864459,2,3317030:1-1:0-,3317030,3317030,3317030,3317030,no
fischer.3_F_06,spotba,1628554,4525258,25482542,2,2896705:1-1:1628553-,2896705,2896705,2896705,2896705,yes
fischer.3_T_03,spotba,1,3044678,13037755,2,3044678:1-1:0-,3044678,3044678,3044678,3044678,no
fischer.3_T_04,spotba,115821,5526664,34406697,2,2896705:1-2514140:1-1:115819-,2896705,5410845,5410845,5410845,yes
fischer.4_F_01,spotba,1,1485141,5399847,2,1485141:1-1:0-,1485141,1485141,1485141,1485141,no
fischer.4_F_02,spotba,81065,2544443,10742345,2,1272254:1-1191126:1-1:81063-,1272254,2463380,2463380,2463380,yes
fischer.4_F_05,spotba,1,1279402,4650076,2,1279402:1-1:0-,1279402,1279402,1279402,1279402,no
fischer.4_F_06,spotba,1272248,2544501,13777038,2,1272254:1-1:1272247-,1272254,1272254,1272254,1272254,yes
fischer.4_T_03,spotba,1,1273710,4618533,2,1273710:1-1:0-,1273710,1273710,1273710,1273710,no
fischer.4_T_04,spotba,81129,2544507,13821588,2,1272254:1-1191126:1-1:81127-,1272254,2463380,2463380,2463380,yes
fischer.5_F_01,spotba,1,112630679,574504597,2,112630679:1-1:0-,112630679,112630679,112630679,112630679,no
fischer.5_T_03,spotba,1,105401486,502470630,2,105401486:1-1:0-,105401486,105401486,105401486,105401486,no
fischer.6_F_01,spotba,1,9688489,38936034,2,9688489:1-1:0-,9688489,9688489,9688489,9688489,no
fischer.6_F_02,spotba,399120,16643327,78124126,2,8321728:1-7922481:1-1:399118-,8321728,16244209,16244209,16244209,yes
fischer.6_F_05,spotba,1,8345513,33604926,2,8345513:1-1:0-,8345513,8345513,8345513,8345513,no
fischer.6_F_06,spotba,8321721,16643448,100162173,2,8321728:1-1:8321720-,8321728,8321728,8321728,8321728,yes
fischer.6_T_03,spotba,1,8326100,33484320,2,8326100:1-1:0-,8326100,8326100,8326100,8326100,no
fischer.6_T_04,spotba,399248,16643455,100337523,2,8321728:1-7922481:1-1:399246-,8321728,16244209,16244209,16244209,yes
iprotocol.1_F_01,spotba,1390,6858,22648,2,504:4-140:2-136:4-132:2-90:10-52:4-34:12-12:16-10:6-8:8-4:174-2:78-1:1070-,504,0,0,0,yes
iprotocol.1_F_02,spotba,170,1022,2788,1,140:2-132:2-90:2-12:4-10:2-4:22-2:6-1:130-,140,0,0,0,yes
iprotocol.1_F_03,spotba,4307,9775,31041,2,504:4-140:2-136:4-132:2-90:10-52:4-34:12-12:16-10:6-8:8-4:174-2:78-1:3987-,504,0,0,0,no
iprotocol.1_F_04,spotba,2124,10752,44880,2,504:6-140:4-136:6-132:4-90:16-52:6-34:18-12:26-10:10-8:12-4:272-2:120-1:1624-,504,0,0,0,yes
iprotocol.1_F_05,spotba,8855,28605,146329,5,504:8-144:12-140:4-136:16-132:4-90:28-77:2-73:2-52:28-51:10-50:2-46:2-34:36-24:10-12:96-10:36-8:44-4:818-2:306-1:7391-,504,0,0,0,no
iprotocol.1_F_06,spotba,3329,13991,43979,4,756:2-504:4-140:4-136:6-132:4-90:16-77:2-73:2-52:10-51:6-50:2-46:2-34:18-24:6-12:52-10:14-8:16-4:292-2:114-1:2757-,756,0,0,0,no
iprotocol.2_F_01,spotba,6104,30038,100625,2,881:4-829:8-163:10-157:12-155:10-105:26-60:12-40:48-14:34-12:22-10:22-8:24-4:726-2:246-1:4900-,881,0,0,0,yes
iprotocol.2_F_02,spotba,184,1162,3209,1,163:2-155:2-105:2-14:2-12:2-10:2-4:22-2:6-1:144-,163,0,0,0,yes
iprotocol.2_F_03,spotba,20621,44555,142332,2,881:4-829:8-163:10-157:12-155:10-105:26-60:12-40:48-14:34-12:22-10:22-8:24-4:726-2:246-1:19417-,881,0,0,0,no
iprotocol.2_F_04,spotba,9290,45680,189807,2,881:6-829:12-163:16-157:18-155:16-105:40-60:18-40:72-14:52-12:34-10:34-8:36-4:1100-2:372-1:7464-,881,0,0,0,yes
iprotocol.2_F_05,spotba,42392,130716,672592,5,881:8-829:16-190:16-178:32-163:28-157:48-155:28-105:76-90:10-86:10-60:122-58:10-54:10-40:144-28:26-14:276-12:76-10:144-8:144-4:3682-2:978-1:36508-,881,0,0,0,no
iprotocol.2_F_06,spotba,14591,58935,187602,4,1347:2-1257:4-881:4-829:8-163:16-157:18-155:16-105:40-90:6-86:6-60:44-58:6-54:6-40:72-28:14-14:132-12:34-10:48-8:54-4:1236-2:366-1:12459-,1347,7722,0,0,no
iprotocol.3_F_01,spotba,244280,1013638,3413328,2,2196:24-1936:28-1919:24-1811:32-1789:28-1713:32-1505:12-1417:12-1409:16-1321:16-650:24-373:56-346:28-260:12-244:12-242:16-239:52-226:16-209:110-207:56-201:152-199:88-135:178-93:56-92:28-76:144-74:52-72:184-70:52-56:56-52:536-50:54-48:140-46:404-18:622-12:372-11:110-10:372-8:596-4:24804-2:2526-1:212148-,2196,394572,0,0,yes
iprotocol.3_F_02,spotba,1510,5816,16124,1,209:6-201:8-135:2-74:4-70:4-50:2-18:6-12:4-11:2-10:4-8:4-4:96-2:6-1:1362-,209,0,0,0,yes
iprotocol.3_F_03,spotba,752539,1521897,4876580,2,2196:24-1936:28-1919:24-1811:32-1789:28-1713:32-1505:12-1417:12-1409:16-1321:16-650:24-373:56-346:28-260:12-244:12-242:16-239:52-226:16-209:110-207:56-201:152-199:88-135:178-93:56-92:28-76:144-74:52-72:184-70:52-56:56-52:536-50:54-48:140-46:404-18:622-12:372-11:110-10:372-8:596-4:24804-2:2526-1:720407-,2196,394572,0,0,no
iprotocol.3_F_04,spotba,371647,1527837,6341629,2,2196:36-1936:42-1919:36-1811:48-1789:42-1713:48-1505:18-1417:18-1409:24-1321:24-650:36-373:84-346:42-260:18-244:18-242:24-239:78-226:24-209:168-207:84-201:232-199:132-135:268-93:84-92:42-76:216-74:80-72:276-70:80-56:84-52:804-50:82-48:210-46:606-18:936-12:560-11:166-10:560-8:896-4:37254-2:3792-1:323375-,2196,591858,0,0,yes
iprotocol.3_F_05,spotba,1640375,4468741,23093234,5,2196:48-1936:56-1919:48-1811:64-1789:56-1713:64-1505:24-1417:24-1409:32-1321:32-650:96-373:224-346:112-314:48-298:32-272:240-260:96-258:336-256:160-246:192-244:96-242:128-239:184-226:128-209:324-207:168-201:448-199:352-135:532-134:80-116:110-114:128-112:152-93:168-92:680-78:178-76:1272-74:314-72:920-70:356-56:280-52:1608-50:132-48:448-46:1212-36:178-18:5764-12:1364-11:328-10:3116-8:3320-4:130064-2:10098-1:1473761-,2196,789144,0,0,no
iprotocol.3_F_06,spotba,562950,1951128,6238080,4,3300:12-3023:12-2910:14-2837:16-2763:14-2625:16-2360:6-2196:24-2192:6-2189:8-2021:8-1936:28-1919:24-1811:32-1789:28-1713:32-1505:12-1417:12-1409:16-1321:16-650:36-373:84-346:42-260:18-244:18-242:24-239:78-226:24-209:168-207:84-201:232-199:132-135:268-134:40-116:58-114:64-112:80-93:84-92:150-78:90-76:304-74:152-72:404-70:174-68:14-56:140-52:804-50:68-48:210-46:606-36:90-18:2480-12:560-11:166-10:860-8:1182-4:42546-2:3786-1:506294-,3300,698254,0,0,no
iprotocol.4_F_01,spotba,1037951,3291481,11073072,2,4367:28-4201:28-3548:28-3209:60-3065:32-3051:20-2878:20-2712:20-2679:20-2245:12-2209:36-2057:24-2029:8-794:104-490:20-455:132-332:40-330:40-318:60-316:24-294:40-293:120-291:80-284:16-255:158-253:152-247:346-165:154-153:40-113:160-112:276-90:180-88:600-86:286-64:928-62:56-60:528-58:744-56:124-54:700-52:872-22:1020-12:1062-11:552-10:1564-8:2220-4:104428-2:4558-1:915231-,4367,1028332,0,0,yes
iprotocol.4_F_02,spotba,6258,23516,65801,1,255:14-247:26-165:2-90:20-86:30-60:12-22:20-12:6-11:8-10:8-8:24-4:376-2:6-1:5706-,255,0,0,0,yes
iprotocol.4_F_03,spotba,2686109,4939639,15815404,2,4367:28-4201:28-3548:28-3209:60-3065:32-3051:20-2878:20-2712:20-2679:20-2245:12-2209:36-2057:24-2029:8-794:104-490:20-455:132-332:40-330:40-318:60-316:24-294:40-293:120-291:80-284:16-255:158-253:152-247:346-165:154-153:40-113:160-112:276-90:180-88:600-86:286-64:928-62:56-60:528-58:744-56:124-54:700-52:872-22:1020-12:1062-11:552-10:1564-8:2220-4:104428-2:4558-1:2563389-,4367,1028332,0,0,no
iprotocol.4_F_04,spotba,1574651,4963575,20586405,2,4367:42-4201:42-3548:42-3209:90-3065:48-3051:30-2878:30-2712:30-2679:30-2245:18-2209:54-2057:36-2029:12-794:156-490:30-455:198-332:60-330:60-318:90-316:36-294:60-293:180-291:120-284:24-255:244-253:228-247:532-165:232-153:60-113:240-112:414-90:280-88:900-86:444-64:1392-62:84-60:798-58:1116-56:186-54:1050-52:1308-22:1540-12:1596-11:832-10:2350-8:3342-4:156830-2:6840-1:1390295-,4367,1542498,0,0,yes
iprotocol.4_F_05,spotba,6181755,14486131,74815715,5,4367:56-4201:56-3548:56-3209:120-3065:64-3051:40-2878:40-2712:40-2679:40-2245:24-2209:72-2057:48-2029:16-794:416-490:80-455:528-396:144-382:40-380:32-368:12-344:1008-336:8-332:400-330:360-328:224-318:396-316:132-294:264-293:416-291:320-284:88-255:460-253:456-247:1012-165:460-164:236-153:120-142:158-140:536-138:346-113:480-112:3536-96:154-90:858-88:3288-86:1460-64:2784-62:112-60:1684-58:2232-56:248-54:2224-52:2616-44:154-22:10582-12:3752-11:1648-10:10902-8:11400-4:511316-2:18226-1:5582775-,4367,2056664,0,0,no
iprotocol.4_F_06,spotba,2299525,6357635,20323542,4,6534:14-6059:14-5406:14-5067:30-4813:16-4640:10-4425:10-4367:28-4301:10-4226:10-4201:28-3573:6-3548:28-3493:18-3217:12-3209:60-3201:4-3065:32-3051:20-2878:20-2712:20-2679:20-2245:12-2209:36-2057:24-2029:8-794:156-490:30-455:198-332:60-330:60-318:90-316:36-294:60-293:180-291:120-284:24-255:244-253:228-247:532-165:232-164:118-153:60-142:86-140:254-138:186-113:240-112:794-96:78-90:436-88:1404-86:758-80:28-74:62-64:1392-62:56-60:798-58:1116-56:124-54:1050-52:1308-44:78-22:4460-12:1596-11:832-10:3648-8:4492-4:183006-2:6834-1:2081477-,6534,1820976,0,0,no
iprotocol.5_F_01,spotba,11020558,31073238,104578066,2,7850:32-7810:16-7770:16-7690:4-7594:32-7556:16-7518:16-7442:4-6956:68-6782:68-6181:68-6007:68-5568:60-5394:60-5228:164-5199:36-5025:36-4827:196-4647:64-4619:60-4416:36-4218:92-4181:52-4040:36-4013:32-3975:64-3834:108-3639:36-3599:108-3090:20-3047:100-2827:80-2775:16-938:788-578:216-537:488-404:160-402:184-390:324-388:144-386:32-378:32-376:160-374:60-347:1680-346:128-343:372-334:48-301:702-299:1016-293:2092-195:530-181:504-133:816-132:2144-106:1156-104:5048-102:2216-76:4636-74:368-72:3312-70:6194-68:600-66:4148-64:3956-62:828-60:4384-58:3580-26:7702-12:8756-11:5794-10:15098-8:20122-4:1109390-2:26462-1:9772324-,7850,9075512,0,0,yes
iprotocol.5_F_02,spotba,24290,85902,241848,1,301:30-293:76-195:2-106:68-102:120-70:46-26:70-12:8-11:26-10:14-8:106-4:1542-2:6-1:22176-,301,0,0,0,yes
iprotocol.5_F_03,spotba,26647573,46700253,149522828,2,7850:32-7810:16-7770:16-7690:4-7594:32-7556:16-7518:16-7442:4-6956:68-6782:68-6181:68-6007:68-5568:60-5394:60-5228:164-5199:36-5025:36-4827:196-4647:64-4619:60-4416:36-4218:92-4181:52-4040:36-4013:32-3975:64-3834:108-3639:36-3599:108-3090:20-3047:100-2827:80-2775:16-938:788-578:216-537:488-404:160-402:184-390:324-388:144-386:32-378:32-376:160-374:60-347:1680-346:128-343:372-334:48-301:702-299:1016-293:2092-195:530-181:504-133:816-132:2144-106:1156-104:5048-102:2216-76:4636-74:368-72:3312-70:6194-68:600-66:4148-64:3956-62:828-60:4384-58:3580-26:7702-12:8756-11:5794-10:15098-8:20122-4:1109390-2:26462-1:25399339-,7850,9075512,0,0,no
iprotocol.5_F_04,spotba,16683208,46793034,194010571,2,7850:48-7810:24-7770:24-7690:6-7594:48-7556:24-7518:24-7442:6-6956:102-6782:102-6181:102-6007:102-5568:90-5394:90-5228:246-5199:54-5025:54-4827:294-4647:96-4619:90-4416:54-4218:138-4181:78-4040:54-4013:48-3975:96-3834:162-3639:54-3599:162-3090:30-3047:150-2827:120-2775:24-938:1182-578:324-537:732-404:240-402:276-390:486-388:216-386:48-378:48-376:240-374:90-347:2520-346:192-343:558-334:72-301:1068-299:1524-293:3176-195:796-181:756-133:1224-132:3216-106:1768-104:7572-102:3384-76:6954-74:552-72:4968-70:9314-68:900-66:6222-64:5934-62:1242-60:6576-58:5370-26:11588-12:13138-11:8704-10:22654-8:30236-4:1664856-2:39696-1:14809800-,7850,13613268,0,0,yes
iprotocol.5_F_06,spotba,23894014,59872648,191272965,4,11497:16-11444:8-11391:8-11285:2-10770:16-10731:8-10692:8-10614:2-10127:34-9586:34-9352:34-8811:34-8414:30-8032:82-7873:30-7850:32-7831:18-7810:16-7770:16-7690:4-7631:98-7594:32-7556:16-7518:16-7456:18-7442:4-7309:32-7098:30-6956:68-6847:18-6782:68-6697:46-6612:26-6297:16-6265:32-6202:18-6181:68-6007:68-5946:54-5801:18-5711:54-5568:60-5394:60-5228:164-5199:36-5025:36-4943:10-4848:50-4827:196-4647:64-4619:60-4443:40-4416:36-4393:8-4218:92-4181:52-4040:36-4013:32-3975:64-3834:108-3639:36-3599:108-3090:20-3047:100-2827:80-2775:16-938:1182-578:324-537:732-404:240-402:276-390:486-388:216-386:48-378:48-376:240-374:90-347:2520-346:192-343:558-334:72-301:1068-299:1524-293:3176-195:796-194:638-181:756-168:366-166:2336-164:1084-133:1224-132:5534-114:266-106:2602-104:12460-102:5492-92:184-86:300-80:414-76:6954-74:368-72:4968-70:9314-68:600-66:6222-64:5934-62:828-60:6576-58:5370-52:266-26:32116-12:13138-11:8704-10:35510-8:39004-4:1961140-2:39690-1:21667072-,11497,15989174,1098452,0,no
iprotocol.6_F_01,spotba,10671540,41387666,139545732,2,5228:504-4827:504-4752:508-4647:512-4541:508-4417:512-4181:252-4013:256-3953:252-3785:256-938:504-537:1016-494:508-404:252-386:256-380:252-362:256-347:504-343:508-301:2030-299:1016-293:3032-283:1528-195:3058-133:1016-132:508-108:2544-106:1012-104:3544-102:1012-80:1016-76:15944-74:508-72:4572-70:12366-26:11662-12:8436-11:2610-10:8436-8:15132-4:1069532-2:81838-1:9411068-,5228,18475388,0,0,yes
iprotocol.6_F_02,spotba,1918,7976,22480,1,301:6-293:8-195:2-106:4-102:4-70:2-26:6-12:4-11:2-10:4-8:4-4:96-2:6-1:1770-,301,0,0,0,yes
iprotocol.6_F_03,spotba,31464705,62180831,199364997,2,5228:504-4827:504-4752:508-4647:512-4541:508-4417:512-4181:252-4013:256-3953:252-3785:256-938:504-537:1016-494:508-404:252-386:256-380:252-362:256-347:504-343:508-301:2030-299:1016-293:3032-283:1528-195:3058-133:1016-132:508-108:2544-106:1012-104:3544-102:1012-80:1016-76:15944-74:508-72:4572-70:12366-26:11662-12:8436-11:2610-10:8436-8:15132-4:1069532-2:81838-1:30204233-,5228,18475388,0,0,no
iprotocol.6_F_04,spotba,16118443,62195661,258517149,2,5228:756-4827:756-4752:762-4647:768-4541:762-4417:768-4181:378-4013:384-3953:378-3785:384-938:756-537:1524-494:762-404:378-386:384-380:378-362:384-347:756-343:762-301:3048-299:1524-293:4552-283:2292-195:4588-133:1524-132:762-108:3816-106:1520-104:5316-102:1520-80:1524-76:23916-74:762-72:6858-70:18550-26:17496-12:12656-11:3916-10:12656-8:22700-4:1604346-2:122760-1:14227661-,5228,27713082,0,0,yes
iprotocol.6_F_06,spotba,24503697,79723609,255597794,4,8032:252-7631:252-7309:256-7270:254-7059:254-6825:256-6612:126-6297:128-6168:126-5853:128-5228:504-4827:504-4752:508-4647:512-4541:508-4417:512-4181:252-4013:256-3953:252-3785:256-938:756-537:1524-494:762-404:378-386:384-380:378-362:384-347:756-343:762-301:3048-299:1524-293:4552-283:2292-195:4588-194:760-168:1018-166:1264-164:1520-133:1524-132:2790-114:1530-108:5344-106:2792-104:7844-102:3294-92:254-80:2540-76:23916-74:508-72:6858-70:18550-52:1530-26:53808-12:12656-11:3916-10:20070-8:32506-4:1889598-2:122754-1:22256369-,8032,32845814,0,0,no
iprotocol.7_F_01,spotba,21630119,59794757,200830374,2,8323:284-8141:284-7236:284-6773:444-6557:256-6515:164-6282:164-6052:164-6011:164-5361:100-5317:300-5069:192-5001:64-1082:1016-666:164-619:1028-476:328-474:328-462:500-460:200-438:320-428:128-401:1528-395:656-347:1342-345:1464-339:3098-225:1218-209:328-153:1312-152:2372-122:1620-120:5736-118:2622-88:10712-86:568-84:6248-82:9240-80:2436-78:10140-76:10852-30:9452-12:13834-11:7864-10:20476-8:29492-4:2201960-2:74278-1:19192395-,8323,20017468,0,0,yes
iprotocol.7_F_02,spotba,7682,30740,86937,1,347:14-339:26-225:2-122:20-118:30-80:12-30:20-12:6-11:8-10:8-8:24-4:376-2:6-1:7130-,347,0,0,0,yes
iprotocol.7_F_03,spotba,51694309,89858947,286988312,2,8323:284-8141:284-7236:284-6773:444-6557:256-6515:164-6282:164-6052:164-6011:164-5361:100-5317:300-5069:192-5001:64-1082:1016-666:164-619:1028-476:328-474:328-462:500-460:200-438:320-428:128-401:1528-395:656-347:1342-345:1464-339:3098-225:1218-209:328-153:1312-152:2372-122:1620-120:5736-118:2622-88:10712-86:568-84:6248-82:9240-80:2436-78:10140-76:10852-30:9452-12:13834-11:7864-10:20476-8:29492-4:2201960-2:74278-1:49256585-,8323,20017468,0,0,no
iprotocol.7_F_04,spotba,32643076,89901562,372021343,2,8323:426-8141:426-7236:426-6773:666-6557:384-6515:246-6282:246-6052:246-6011:246-5361:150-5317:450-5069:288-5001:96-1082:1524-666:246-619:1542-476:492-474:492-462:750-460:300-438:480-428:192-401:2292-395:984-347:2020-345:2196-339:4660-225:1828-209:492-153:1968-152:3558-122:2440-120:8604-118:3948-88:16068-86:852-84:9372-82:13860-80:3660-78:15210-76:16278-30:14188-12:20754-11:11800-10:30718-8:44250-4:3303128-2:111420-1:28986214-,8323,30026202,0,0,yes
iprotocol.7_F_06,spotba,46924683,115367143,368174224,4,12690:142-12083:142-11178:142-10715:222-10325:128-10076:82-9789:82-9613:82-9518:82-8549:50-8449:150-8323:284-8141:284-7981:96-7905:32-7236:284-6773:444-6557:256-6515:164-6282:164-6052:164-6011:164-5361:100-5317:300-5069:192-5001:64-1082:1524-666:246-619:1542-476:492-474:492-462:750-460:300-438:480-428:192-401:2292-395:984-347:2020-345:2196-339:4660-225:1828-224:1022-209:492-194:678-192:2654-190:1562-153:1968-152:6810-132:610-122:3692-120:13580-118:6590-104:284-98:590-88:16068-86:568-84:9372-82:13860-80:3070-78:15210-76:16278-60:610-30:45536-12:20754-11:11800-10:49272-8:59558-4:3938634-2:111414-1:42547853-,12690,35284104,9631604,0,no
lamport.1_F_01,spotba,3209,35333,97247,2,7960:1-4764:1-4361:1-4290:1-2217:1-2186:1-1923:1-871:1-103:16-80:8-7:216-1:2961-,7960,27701,0,0,no
lamport.1_F_02,spotba,10465,53731,146657,2,6719:1-4155:1-3737:1-3677:1-3593:1-2524:1-2474:1-1902:1-1676:1-1640:1-1620:1-1122:1-1045:1-1028:1-648:1-426:1-80:32-42:16-7:352-1:10049-,6719,36912,0,0,yes
lamport.1_F_05,spotba,3374,35364,93448,2,8215:1-4572:1-4497:1-4392:1-2051:1-2008:1-1985:1-798:1-92:24-7:216-1:3126-,8215,27720,0,0,no
lamport.1_T_03,spotba,2954,31258,82610,2,7205:1-3966:1-3939:1-3906:1-1777:1-1775:1-1755:1-701:1-86:16-80:8-7:216-1:2706-,7205,24323,0,0,no
lamport.1_T_04,spotba,12669,57807,223007,2,6719:1-4155:1-3737:1-3677:1-3593:1-2524:1-2474:1-1902:1-1676:1-1640:1-1620:1-1122:1-1045:1-1028:1-648:1-426:1-278:1-181:1-177:1-80:41-42:16-7:440-1:12153-,6719,36912,0,0,yes
lamport.1_T_06,spotba,29883,56377,204081,2,6719:1-3737:1-3677:1-3593:1-1676:1-1640:1-1620:1-648:1-80:24-7:216-1:29635-,6719,22662,0,0,yes
lamport.2_F_01,spotba,13235,128024,375799,2,24085:1-16365:1-15501:1-15392:1-9517:1-9446:1-8941:1-3284:1-358:2-354:2-316:2-261:4-253:2-249:2-226:2-222:2-156:20-132:10-30:12-26:6-7:396-1:12765-,24085,102531,71343,0,no
lamport.2_F_02,spotba,46104,199245,553802,2,20920:1-13636:1-13544:1-13408:1-11459:1-7951:1-7861:1-7807:1-7789:1-7744:1-5201:1-3504:1-3486:1-3372:1-2727:1-1628:1-761:1-316:6-312:2-308:2-226:8-222:8-218:4-141:2-138:2-132:40-127:4-124:4-76:4-62:20-26:24-7:648-1:45309-,20920,132037,72967,0,yes
lamport.2_F_05,spotba,14394,137353,381289,2,26296:1-17160:1-17044:1-16874:1-10031:1-9921:1-9855:1-3300:1-367:2-362:2-357:2-259:4-254:4-249:4-146:30-32:18-7:396-1:13924-,26296,110481,87405,0,no
lamport.2_F_06,spotba,104321,203441,726741,2,20920:1-13636:1-13544:1-13408:1-7951:1-7861:1-7807:1-2727:1-316:2-312:2-308:2-226:4-222:4-218:4-132:30-26:18-7:396-1:103851-,20920,87854,61508,0,yes
lamport.2_T_03,spotba,12738,121671,333063,2,23073:1-15269:1-14879:1-14781:1-8872:1-8812:1-8643:1-2930:1-336:2-332:2-316:2-239:2-236:4-235:2-226:2-222:2-139:20-132:10-30:12-26:6-7:396-1:12268-,23073,97259,68002,0,no
lamport.2_T_04,spotba,57966,215705,845517,2,20920:1-13636:1-13544:1-13408:1-11459:1-7951:1-7861:1-7807:1-7789:1-7744:1-5201:1-3504:1-3486:1-3372:1-2727:1-1628:1-761:1-316:8-312:2-308:2-226:10-222:10-218:4-141:2-138:2-132:50-127:4-124:4-76:4-62:20-26:38-7:884-1:56905-,20920,132037,72967,0,yes
lamport.3_F_01,spotba,9547,45601,135658,2,8053:1-5182:1-4839:1-4775:1-2810:1-2790:1-2540:1-871:1-103:16-80:8-30:12-26:6-7:240-1:9257-,8053,30989,0,0,no
lamport.3_F_02,spotba,20298,67358,185763,2,6812:1-4143:1-4086:1-4028:1-4003:1-2711:1-2664:1-2190:1-2157:1-2144:1-1515:1-1122:1-1006:1-996:1-648:1-426:1-338:1-80:32-42:16-26:24-7:384-1:19825-,6812,38581,0,0,yes
lamport.3_F_05,spotba,9014,47135,132485,2,8866:1-5378:1-5306:1-5202:1-2831:1-2791:1-2775:1-798:1-92:24-32:18-7:240-1:8724-,8866,33149,0,0,no
lamport.3_F_06,spotba,37110,67071,235231,2,6812:1-4143:1-4086:1-4003:1-2190:1-2157:1-2144:1-648:1-80:24-26:18-7:240-1:36820-,6812,25535,0,0,yes
lamport.3_T_03,spotba,8480,42437,115115,2,7813:1-4730:1-4688:1-4631:1-2511:1-2498:1-2463:1-701:1-86:16-80:8-30:12-26:6-7:240-1:8190-,7813,29334,0,0,no
lamport.3_T_04,spotba,23893,73057,281408,2,6812:1-4143:1-4086:1-4028:1-4003:1-2711:1-2664:1-2190:1-2157:1-2144:1-1515:1-1122:1-1006:1-996:1-648:1-426:1-338:1-257:1-183:1-180:1-80:41-42:16-26:32-7:480-1:23304-,6812,38581,0,0,yes
lamport.5_F_01,spotba,165077,1287845,4543560,2,206631:1-111720:1-100188:1-98991:1-97351:1-47947:1-47450:1-46790:1-41362:1-40710:1-40343:1-18188:1-17944:1-17801:1-15265:1-6215:1-871:48-648:16-103:480-80:480-7:4816-1:159221-,206631,954896,948681,418539,no
lamport.5_F_02,spotba,400342,1984387,6999672,2,175568:1-123260:1-86278:1-85262:1-83864:1-81956:1-63161:1-62311:1-61125:1-51242:1-36060:1-35498:1-35182:1-34754:1-34438:1-34020:1-26260:1-25792:1-25535:1-24215:1-23930:1-23547:1-13480:1-13216:1-13062:1-12970:1-9547:1-9439:1-9289:1-9200:1-4568:1-3216:1-648:80-426:48-80:1416-42:480-7:8188-1:390098-,175568,1331245,1285986,298828,yes
lamport.5_F_05,spotba,171216,1302604,4449512,2,215684:1-106379:1-105123:1-103389:1-101017:1-44699:1-44024:1-43657:1-43129:1-42762:1-42275:1-16885:1-16576:1-16401:1-16300:1-5840:1-798:64-92:960-7:4816-1:165360-,215684,964140,958300,631592,no
lamport.5_T_03,spotba,147902,1124870,3832990,2,185208:1-90303:1-89287:1-89004:1-87889:1-37674:1-37349:1-37112:1-37033:1-36796:1-36615:1-14172:1-14109:1-14018:1-13926:1-4921:1-701:48-648:16-86:480-80:480-7:4816-1:142046-,185208,825416,820495,185208,no
lamport.5_T_04,spotba,461556,2116197,10592996,2,175568:1-123260:1-86278:1-85262:1-83864:1-81956:1-63161:1-62311:1-61125:1-51242:1-36060:1-35498:1-35182:1-34754:1-34438:1-34020:1-26260:1-25792:1-25535:1-24215:1-23930:1-23547:1-13480:1-13216:1-13062:1-12970:1-9547:1-9439:1-9289:1-9200:1-8246:1-4568:1-4418:1-4350:1-4258:1-3216:1-1840:1-1804:1-1784:1-648:97-426:48-80:1704-42:480-7:9880-1:449308-,175568,1357945,1285986,298828,yes
lamport.5_T_06,spotba,1131543,2057847,9595612,2,175568:1-86278:1-85262:1-83864:1-81956:1-36060:1-35498:1-35182:1-34754:1-34438:1-34020:1-13480:1-13216:1-13062:1-12970:1-4568:1-648:64-80:960-7:4816-1:1125687-,175568,780176,775608,175568,yes
lamport.6_F_01,spotba,1532363,9971297,39249211,2,1078188:1-692439:1-653397:1-650543:1-646440:1-399852:1-398143:1-395750:1-375006:1-372530:1-371040:1-214110:1-212772:1-211947:1-200120:1-47225:1-27514:2-27233:2-27004:2-24280:2-18090:2-17997:2-17904:2-17151:2-17035:2-17034:2-16846:2-16801:2-16729:2-15278:2-15178:2-15034:2-10054:4-9983:4-9912:4-9455:2-9365:2-9311:2-8465:2-8375:2-8321:2-3284:54-2727:18-1447:42-1224:14-387:4-383:4-379:4-346:4-342:4-338:4-275:12-268:4-264:4-260:4-241:8-237:8-233:8-156:720-132:720-65:42-57:14-30:828-26:828-7:16636-1:1512303-,1078188,8064430,7573934,6872277,no
lamport.6_F_02,spotba,3742151,15731380,58253685,2,947350:1-640715:1-579131:1-576685:1-573147:1-568093:1-403100:1-401314:1-398685:1-335121:1-332951:1-331650:1-329918:1-328617:1-326789:1-271973:1-233994:1-232337:1-231322:1-179840:1-178148:1-177116:1-176480:1-168982:1-168398:1-167542:1-95611:1-95044:1-94686:1-61675:1-39032:1-30824:1-25482:1-24280:4-23968:2-23708:2-23500:2-15278:4-15178:4-15162:2-15062:2-15046:2-15034:4-14874:2-14846:2-14774:4-14702:2-14630:2-13158:2-12986:2-12860:2-8766:2-8714:2-8679:2-8579:2-8575:2-8527:2-8465:6-8375:6-8321:6-8285:4-8231:4-8177:4-5577:2-5554:2-5531:2-3665:4-3647:4-3629:4-3596:3-3552:3-3532:3-3246:1-2727:90-1628:54-1224:70-817:4-808:4-805:4-398:42-346:12-342:12-338:16-334:4-330:4-241:28-237:28-233:28-229:12-152:4-149:4-146:4-137:16-134:16-132:2160-131:16-77:12-62:720-57:70-26:2442-7:28285-1:3707841-,947350,11353746,10468932,9259398,yes
lamport.6_F_05,spotba,1673116,10950340,41437084,2,1202944:1-737598:1-734544:1-730148:1-723902:1-428156:1-425517:1-423939:1-421847:1-420269:1-418060:1-230411:1-228417:1-227205:1-226463:1-49404:1-30538:2-30158:2-29842:2-29590:2-19240:2-19114:2-19100:2-18974:2-18960:2-18934:2-18748:2-18708:2-18622:2-18614:2-18528:2-18442:2-10687:4-10577:4-10511:4-10467:4-10401:4-10335:4-3300:72-1473:56-403:4-398:4-393:8-388:4-383:4-277:12-272:12-267:12-262:12-146:1440-57:56-32:1488-26:168-7:16636-1:1653056-,1202944,8893048,8572960,7579420,no
lamport.6_F_06,spotba,7884047,15230163,69947212,2,947350:1-579131:1-576685:1-573147:1-568093:1-335121:1-332951:1-331650:1-329918:1-328617:1-326789:1-179840:1-178148:1-177116:1-176480:1-39032:1-24280:2-23968:2-23708:2-23500:2-15278:2-15178:2-15162:2-15062:2-15046:2-15034:2-14874:2-14846:2-14774:4-14702:2-14630:2-8465:4-8375:4-8321:4-8285:4-8231:4-8177:4-2727:72-1224:56-346:4-342:4-338:8-334:4-330:4-241:12-237:12-233:12-229:12-132:1440-57:56-26:1656-7:16636-1:7863987-,947350,6994004,6529700,5941036,yes
lamport.6_T_03,spotba,1467972,9533210,34557010,2,1035671:1-649154:1-629509:1-626922:1-623193:1-375443:1-374001:1-371982:1-363371:1-361127:1-359782:1-202591:1-201485:1-200805:1-195213:1-41929:1-26401:2-26133:2-25917:2-24280:2-16887:2-16807:2-16727:2-16488:2-16382:2-16372:2-16194:2-16160:2-16088:2-15278:2-15178:2-15034:2-9365:4-9305:4-9245:4-9157:2-9067:2-9013:2-8465:2-8375:2-8321:2-2930:54-2727:18-1381:42-1224:14-364:4-360:4-356:4-346:4-342:4-338:4-254:4-250:4-249:12-246:4-241:8-237:8-233:8-139:720-132:720-65:42-57:14-30:828-26:828-7:16636-1:1447912-,1035671,7703730,7204830,6570249,no
lamport.6_T_04,spotba,4478797,16854322,87606170,2,947350:1-640715:1-579131:1-576685:1-573147:1-568093:1-403100:1-401314:1-398685:1-335121:1-332951:1-331650:1-329918:1-328617:1-326789:1-271973:1-233994:1-232337:1-231322:1-179840:1-178148:1-177116:1-176480:1-168982:1-168398:1-167542:1-95611:1-95044:1-94686:1-61675:1-39032:1-30824:1-25482:1-24280:6-23968:2-23708:2-23500:2-15278:6-15178:6-15162:2-15062:2-15046:2-15034:6-14874:2-14846:2-14774:4-14702:2-14630:2-13158:2-12986:2-12860:2-8766:2-8714:2-8679:2-8579:2-8575:2-8527:2-8465:8-8375:8-8321:8-8285:4-8231:4-8177:4-5577:2-5554:2-5531:2-3665:4-3647:4-3629:4-3596:3-3552:3-3532:3-3246:1-2727:108-1628:54-1224:86-817:4-808:4-805:4-398:42-346:16-342:16-338:20-334:4-330:4-241:36-237:36-233:36-229:12-152:4-149:4-146:4-137:16-134:16-132:2604-131:16-77:12-62:720-57:100-26:3162-7:34987-1:4436507-,947350,11612278,10608472,9259398,yes
lamport.7_F_01,spotba,7672793,46487993,199033217,2,5504180:1-2737392:1-2428023:1-2405311:1-2374714:1-2333693:1-1093763:1-1084767:1-1072934:1-1057457:1-940695:1-929149:1-922562:1-914037:1-907450:1-898854:1-395911:1-391721:1-389250:1-386377:1-383906:1-380762:1-332887:1-327775:1-324781:1-322982:1-132295:1-130615:1-129601:1-128974:1-109035:1-40883:1-6215:128-4568:32-871:2112-648:1408-103:11648-80:17472-7:107360-1:7532601-,5504180,32854432,31912736,31871853,no
lamport.7_F_02,spotba,16009323,72511607,312348399,2,4720789:1-3552703:1-2106413:1-2087001:1-2060781:1-2025525:1-1978365:1-1623314:1-1606882:1-1584447:1-1554075:1-1350438:1-824040:1-814056:1-808360:1-800944:1-795248:1-787792:1-783824:1-778128:1-770672:1-760960:1-632850:1-624457:1-619761:1-613398:1-608702:1-602519:1-575603:1-570286:1-563257:1-554044:1-294324:1-289836:1-287208:1-285628:1-284116:1-281488:1-279908:1-278144:1-276564:1-274560:1-222309:1-218663:1-216562:1-215320:1-212785:1-210209:1-208666:1-206929:1-205386:1-203423:1-97376:1-95616:1-94560:1-93912:1-93504:1-71493:1-71243:1-70195:1-69551:1-69146:1-29920:1-21722:1-4568:192-3216:128-648:4864-426:2112-80:45536-42:11648-7:187424-1:15757355-,4720789,47258604,45969900,45091662,yes
lamport.7_F_05,spotba,7823894,47179952,196868144,2,5762365:1-2583351:1-2559704:1-2527599:1-2484248:1-2426063:1-1017142:1-1005211:1-998624:1-989484:1-982897:1-974226:1-968889:1-962302:1-953631:1-942284:1-367098:1-361815:1-358806:1-357055:1-355070:1-352061:1-350310:1-348222:1-346471:1-344242:1-123536:1-121501:1-120310:1-119599:1-119164:1-39050:1-5840:160-798:3520-92:29120-7:107360-1:7683702-,5762365,33256730,32322330,32283280,no
lamport.7_T_03,spotba,6768574,40376582,167802690,2,4917471:1-2180968:1-2161556:1-2135336:1-2126403:1-2100080:1-851464:1-841480:1-835784:1-835091:1-829395:1-828368:1-822672:1-821939:1-815216:1-812227:1-304212:1-301850:1-299724:1-299222:1-297642:1-297096:1-295878:1-295516:1-294298:1-292294:1-101748:1-100889:1-100692:1-100044:1-99636:1-32041:1-4921:128-4568:32-701:2112-648:1408-86:11648-80:17472-7:107360-1:6628382-,4917471,28204296,27428232,27296555,no
lamport.7_T_04,spotba,17916575,76905827,471555169,2,4720789:1-3552703:1-2106413:1-2087001:1-2060781:1-2025525:1-1978365:1-1623314:1-1606882:1-1584447:1-1554075:1-1350438:1-824040:1-814056:1-808360:1-800944:1-795248:1-787792:1-783824:1-778128:1-770672:1-760960:1-632850:1-624457:1-619761:1-613398:1-608702:1-602519:1-575603:1-570286:1-563257:1-554044:1-294324:1-289836:1-287208:1-285628:1-284116:1-281488:1-279908:1-278144:1-276564:1-274560:1-231772:1-222309:1-218663:1-216562:1-215320:1-212785:1-210209:1-208666:1-206929:1-205386:1-203423:1-109391:1-108131:1-106441:1-104193:1-97376:1-95616:1-94560:1-93912:1-93504:1-71493:1-71243:1-70195:1-69551:1-69146:1-42820:1-42186:1-41830:1-41370:1-41014:1-40556:1-29920:1-21722:1-14788:1-14524:1-14370:1-14278:1-4568:225-3216:128-648:5696-426:2112-80:53504-42:11648-7:220896-1:17622287-,4720789,48377012,46937564,45751590,yes
lamport.7_T_06,spotba,42220811,74413141,423216967,2,4720789:1-2106413:1-2087001:1-2060781:1-2025525:1-1978365:1-824040:1-814056:1-808360:1-800944:1-795248:1-787792:1-783824:1-778128:1-770672:1-760960:1-294324:1-289836:1-287208:1-285628:1-284116:1-281488:1-279908:1-278144:1-276564:1-274560:1-97376:1-95616:1-94560:1-93912:1-93504:1-29920:1-4568:160-648:3520-80:29120-7:107360-1:42080619-,4720789,26970442,26239562,25734674,yes
lamport.8_F_01,spotba,20206205,74768491,353809082,2,6483663:1-3388117:1-3107603:1-3081064:1-3043090:1-2989354:1-1509427:1-1500196:1-1487424:1-1469976:1-1351227:1-1336118:1-1329460:1-1315471:1-1308813:1-1299710:1-627791:1-623138:1-621074:1-617037:1-614973:1-612270:1-550574:1-543427:1-540212:1-538766:1-248866:1-247011:1-246186:1-245828:1-214667:1-40883:1-6215:128-4578:120-4568:32-3528:30-1200:120-984:30-871:2304-648:1536-461:2280-366:1520-112:120-103:13856-100:30-80:20784-65:2280-57:1520-30:13824-26:20736-7:139200-1:19985723-,6483663,44874312,43133416,43092533,no
lamport.8_F_02,spotba,35837573,112823796,498002009,2,5590814:1-3987887:1-2705080:1-2681859:1-2648540:1-2601235:1-2534816:1-1992128:1-1972743:1-1944558:1-1904157:1-1289392:1-1183844:1-1170479:1-1164566:1-1152134:1-1146221:1-1138104:1-1127249:1-1121336:1-1113219:1-1102202:1-888743:1-877241:1-872212:1-861315:1-856286:1-849287:1-624710:1-619488:1-612180:1-602154:1-484688:1-478249:1-475340:1-474021:1-469836:1-466927:1-465608:1-463128:1-461809:1-460092:1-368345:1-362661:1-360113:1-358980:1-272347:1-269578:1-268310:1-265955:1-264687:1-263027:1-189611:1-187096:1-185949:1-185430:1-185199:1-110989:1-109870:1-109359:1-109131:1-71493:1-52306:1-29920:1-21722:1-14159:1-4568:192-3528:180-3216:128-1782:120-1404:1-984:180-648:5248-426:2304-366:5192-270:120-132:2280-100:180-80:53120-57:5192-42:13856-26:52992-7:236704-1:35459518-,5590814,62391102,60252114,60062514,yes
lamport.8_F_05,spotba,19462946,76914433,367734835,2,7176410:1-3460704:1-3433287:1-3394130:1-3338785:1-3261404:1-1509169:1-1493865:1-1487069:1-1472913:1-1466117:1-1456793:1-1444561:1-1437765:1-1428441:1-1415797:1-616089:1-608855:1-605565:1-604075:1-599417:1-596127:1-594637:1-591833:1-590343:1-588401:1-240527:1-237737:1-236455:1-235873:1-235615:1-39050:1-5840:160-4164:150-984:150-798:3520-648:320-441:3480-366:320-100:150-92:29120-80:5520-57:3800-32:29040-26:5520-7:139200-1:19242464-,7176410,47456809,45897809,45858759,no
lamport.8_F_06,spotba,56012928,101799607,548081523,2,5590814:1-2705080:1-2681859:1-2648540:1-2601235:1-2534816:1-1183844:1-1170479:1-1164566:1-1152134:1-1146221:1-1138104:1-1127249:1-1121336:1-1113219:1-1102202:1-484688:1-478249:1-475340:1-474021:1-469836:1-466927:1-465608:1-463128:1-461809:1-460092:1-189611:1-187096:1-185949:1-185430:1-185199:1-29920:1-4568:160-3528:150-984:150-648:3840-366:3800-100:150-80:34640-57:3800-26:34560-7:139200-1:55792446-,5590814,37104681,35844601,35814681,yes
lamport.8_T_03,spotba,17781844,68214167,294560779,2,6190517:1-2972219:1-2949013:1-2941085:1-2915712:1-2868428:1-1297206:1-1294974:1-1289061:1-1283845:1-1280944:1-1277936:1-1269927:1-1265504:1-1259595:1-1251482:1-537174:1-534265:1-532946:1-531311:1-530466:1-529147:1-527430:1-524872:1-521963:1-520644:1-213646:1-212499:1-211980:1-211749:1-208376:1-32041:1-4921:128-4568:32-3942:120-3528:30-1113:120-984:30-701:2304-648:1536-415:2280-366:1520-112:120-100:30-86:13856-80:20784-65:2280-57:1520-30:13824-26:20736-7:139200-1:17561362-,6190517,41476461,39987957,39955916,no
lamport.8_T_04,spotba,39481966,120078025,744193962,2,5590814:1-3987887:1-2705080:1-2681859:1-2648540:1-2601235:1-2534816:1-1992128:1-1972743:1-1944558:1-1904157:1-1289392:1-1183844:1-1170479:1-1164566:1-1152134:1-1146221:1-1138104:1-1127249:1-1121336:1-1113219:1-1102202:1-888743:1-877241:1-872212:1-861315:1-856286:1-849287:1-624710:1-619488:1-612180:1-602154:1-484688:1-478249:1-475340:1-474021:1-469836:1-466927:1-465608:1-463128:1-461809:1-460092:1-368345:1-362661:1-360113:1-358980:1-272347:1-269578:1-268310:1-265955:1-264687:1-263027:1-239478:1-189611:1-187096:1-185949:1-185430:1-185199:1-123659:1-122336:1-120457:1-117834:1-110989:1-109870:1-109359:1-109131:1-71493:1-55859:1-55134:1-54827:1-54171:1-53864:1-53455:1-52306:1-29920:1-23227:1-22924:1-22793:1-22738:1-21722:1-14159:1-4568:225-3528:212-3216:128-1782:120-1404:1-984:212-648:6144-426:2304-366:6080-270:120-132:2280-100:212-80:62384-57:6080-42:13856-26:62232-7:278784-1:39040511-,5590814,63797498,61394870,60786278,yes
lamport_nonatomic.1_F_01,spotba,626,23390,76500,2,22158:1-528:1-29:1-19:1-18:2-1:620-,22158,22158,22158,0,no
lamport_nonatomic.1_F_02,spotba,4849,38514,129521,2,20434:1-10593:1-1177:1-16:14-4:418-1:4414-,20434,32204,31027,0,yes
lamport_nonatomic.1_F_05,spotba,2,23272,74520,2,23271:1-1:1-,23271,23271,23271,0,no
lamport_nonatomic.1_F_06,spotba,6440,40867,187629,2,20434:1-6930:1-770:2-315:2-264:1-216:1-198:4-108:4-36:4-35:4-24:7-22:8-16:14-13:6-12:8-11:15-9:101-4:424-1:5833-,20434,27364,20434,0,yes
lamport_nonatomic.1_T_03,spotba,2,21542,68968,2,21541:1-1:1-,21541,21541,21541,0,no
lamport_nonatomic.1_T_04,spotba,5153,40868,193228,2,20434:1-10593:1-1177:2-528:1-29:3-19:3-18:10-16:14-11:3-4:421-1:4694-,20434,33381,31027,0,yes
lamport_nonatomic.2_F_01,spotba,1349,14556,48158,2,4788:1-1904:1-1312:1-812:1-476:1-416:1-326:1-304:1-224:1-201:1-200:1-184:1-180:1-104:2-76:2-72:3-64:1-56:2-52:2-44:1-36:2-26:1-19:1-18:3-16:15-12:1-11:3-10:3-9:6-4:167-1:1121-,4788,8004,0,0,no
lamport_nonatomic.2_F_02,spotba,4149,23838,81685,2,4146:1-1904:2-1140:1-696:1-476:3-416:2-304:2-285:1-192:1-180:1-174:2-158:1-104:5-76:5-72:5-64:2-48:2-44:3-36:4-26:3-19:3-18:7-16:78-12:1-11:3-10:3-9:10-4:862-1:3135-,4146,9094,0,0,no
lamport_nonatomic.2_F_05,spotba,1016,14941,48338,2,4940:1-2188:1-1344:1-820:1-543:1-448:1-336:1-332:1-224:1-215:1-205:1-201:1-185:1-112:2-84:2-80:3-64:1-56:2-52:3-36:2-26:1-19:1-18:3-16:15-12:1-11:3-10:3-9:6-4:167-1:788-,4940,8472,0,0,no
lamport_nonatomic.2_F_05,spotba,1016,14941,48338,2,4940:1-2188:1-1344:1-820:1-543:1-448:1-336:1-332:1-224:1-215:1-205:1-201:1-185:1-112:2-84:2-80:3-64:1-56:2-52:3-36:2-26:1-19:1-18:3-16:15-12:1-11:3-10:3-9:6-4:167-1:788-,4940,8472,0,0,no
lamport_nonatomic.2_F_06,spotba,6040,25908,119583,2,4146:1-1904:1-1140:1-696:1-684:1-476:1-416:1-304:2-285:1-192:1-180:1-174:2-171:3-158:1-144:1-104:2-76:8-72:3-64:2-48:2-44:5-36:23-26:1-19:10-18:3-16:102-12:1-11:11-10:3-9:60-4:1108-1:4677-,4146,7190,0,0,no
lamport_nonatomic.2_T_03,spotba,875,13670,44217,2,4482:1-1904:1-1276:1-776:1-476:1-416:1-317:1-304:1-224:1-192:2-180:1-176:1-104:2-76:2-72:3-64:1-56:2-52:2-44:1-36:2-26:1-19:1-18:3-16:15-12:1-11:3-10:3-9:6-4:167-1:647-,4482,7662,0,0,no
lamport_nonatomic.2_T_04,spotba,4575,25914,123789,2,4146:1-1904:2-1140:1-696:1-476:4-416:2-304:2-285:1-192:1-180:3-174:2-158:1-104:6-76:6-72:7-64:2-48:2-44:5-36:4-26:4-19:4-18:13-16:81-12:1-11:7-10:7-9:12-4:905-1:3488-,4146,9094,0,0,yes
lamport_nonatomic.3_F_01,spotba,802,43694,151819,2,42110:1-698:1-29:1-25:1-18:2-1:796-,42110,42110,42110,0,no
lamport_nonatomic.3_F_02,spotba,12765,68314,235289,2,36983:1-12717:1-1413:2-16:22-4:899-1:11840-,36983,52526,49700,0,yes
lamport_nonatomic.3_F_05,spotba,2,45841,152751,2,45840:1-1:1-,45840,45840,45840,0,no
lamport_nonatomic.3_F_06,spotba,16470,73789,340027,2,36983:1-6930:1-770:4-315:4-264:2-216:2-198:4-108:6-36:6-35:16-24:22-22:16-16:22-13:14-12:24-11:30-9:168-4:896-1:15232-,36983,43913,36983,0,yes
lamport_nonatomic.3_T_03,spotba,2,41606,137999,2,41605:1-1:1-,41605,41605,41605,0,no
lamport_nonatomic.3_T_04,spotba,13421,73966,355633,2,36983:1-12717:1-1413:4-698:2-29:6-25:6-19:6-18:20-16:22-4:905-1:12448-,36983,55352,49700,0,yes
lamport_nonatomic.4_F_01,spotba,30807,1408990,6083642,2,1347432:1-25756:1-1321:1-886:1-642:1-628:1-622:1-604:1-42:1-32:1-31:3-22:1-21:3-20:3-1:30787-,1347432,1374509,1373188,1347432,no
lamport_nonatomic.4_F_02,spotba,272458,2374524,10650814,2,1257304:1-630378:1-70042:1-64:60-16:2361-4:35050-1:234984-,1257304,1957724,1957724,1887682,yes
lamport_nonatomic.4_F_05,spotba,2,1412734,6018480,2,1412733:1-1:1-,1412733,1412733,1412733,1412733,no
lamport_nonatomic.4_F_06,spotba,363990,2514607,15424807,2,1257304:1-332640:1-36960:2-15120:2-9768:1-9504:2-7992:1-7326:1-6930:4-4950:4-1680:4-1296:7-1056:4-888:7-814:2-792:4-770:8-550:8-432:25-407:5-338:6-333:7-315:8-286:6-264:15-234:6-225:8-216:15-198:101-154:7-144:28-108:342-88:8-64:60-48:50-44:7-37:39-36:445-35:16-26:90-25:16-24:105-22:202-16:2366-15:66-14:35-13:156-12:684-11:455-9:4711-4:35877-1:317960-,1257304,1805734,1694104,1589944,yes
lamport_nonatomic.4_T_03,spotba,2,1297551,5527587,2,1297550:1-1:1-,1297550,1297550,1297550,1297550,no
lamport_nonatomic.4_T_04,spotba,286435,2514608,15919605,2,1257304:1-630378:1-70042:2-25756:1-1321:3-886:3-642:3-628:5-622:5-604:5-264:3-154:3-64:60-44:3-42:9-32:9-31:60-24:15-22:9-21:75-20:150-16:2367-14:15-13:33-11:173-4:35516-1:247906-,1257304,2057485,2053522,1887682,yes
lamport_nonatomic.5_F_01,spotba,1992789,105213694,563818678,2,101228280:1-1636316:1-81214:1-54784:1-39802:1-31846:1-31262:1-31000:1-30156:1-29252:1-2452:1-1887:1-1513:1-1473:2-1467:1-1449:1-1322:1-1033:1-1018:1-1012:2-984:1-756:1-754:1-742:1-736:1-730:1-724:1-718:2-712:1-702:1-680:1-55:1-45:1-44:4-35:1-34:4-33:6-25:1-24:4-23:6-22:4-1:1992723-,101228280,103211023,103193912,102864596,no
lamport_nonatomic.5_T_03,spotba,2,96892081,514944506,2,96892080:1-1:1-,96892080,96892080,96892080,96892080,no
lann.1_F_01,spotba,5668,22700,47748,2,7451:1-5278:1-3566:1-741:1-1:5664-,7451,16295,0,0,no
lann.1_F_02,spotba,22753,36591,105398,2,6002:1-4645:1-2673:1-522:1-1:22749-,6002,13320,0,0,yes
lann.1_F_03,spotba,6711,26684,59513,2,8848:1-6500:1-3897:1-732:1-1:6707-,8848,19245,0,0,no
lann.1_F_04,spotba,20405,34243,82032,2,6002:1-4645:1-2673:1-522:1-1:20401-,6002,13320,0,0,yes
lann.2_F_01,spotba,13815,15015,40108,2,151:8-1:13807-,151,0,0,0,no
lann.2_F_03,spotba,17539,19163,51107,2,204:8-1:17531-,204,0,0,0,no
lann.2_T_02,spotba,24419,25499,95080,2,136:8-1:24411-,136,0,0,0,yes
lann.2_T_04,spotba,24328,25408,81813,2,136:8-1:24320-,136,0,0,0,yes
lann.3_F_01,spotba,256169,2300513,10930270,2,2044345:1-1:256168-,2044345,2044345,2044345,2044345,no
lann.3_F_02,spotba,2055559,3663512,22462052,2,1607452:1-145:1-121:1-107:1-61:1-47:1-17:1-11:1-1:2055551-,1607452,1607452,1607452,1607452,yes
lann.3_F_03,spotba,311724,2714599,14232883,2,2402876:1-1:311723-,2402876,2402876,2402876,2402876,no
lann.3_F_04,spotba,1794405,3401856,16987295,2,1607452:1-1:1794404-,1607452,1607452,1607452,1607452,yes
lann.4_F_01,spotba,313012,1038127,3419611,2,725116:1-1:313011-,725116,725116,725116,725116,no
lann.4_F_02,spotba,1270666,1933332,9296467,2,662667:1-1:1270665-,662667,662667,662667,662667,yes
lann.4_F_03,spotba,448645,1433341,4699982,2,984697:1-1:448644-,984697,984697,984697,984697,no
lann.4_F_04,spotba,1269609,1932275,7642013,2,662667:1-1:1269608-,662667,662667,662667,662667,yes
lann.5_F_01,spotba,1080670,1091614,3946566,2,343:32-1:1080638-,343,0,0,0,no
lann.5_F_02,spotba,1977011,1986963,10368856,2,312:32-1:1976979-,312,0,0,0,yes
lann.5_F_03,spotba,1493012,1508532,5455899,2,486:32-1:1492980-,486,0,0,0,no
lann.5_F_04,spotba,1976310,1986262,8618860,2,312:32-1:1976278-,312,0,0,0,yes
leader_filters.1_F_01,spotba,5404,5404,9999,2,1:5404-,1,0,0,0,yes
leader_filters.1_T_02,spotba,4966,4966,8859,1,1:4966-,1,0,0,0,yes
leader_filters.2_F_01,spotba,35032,35032,75585,2,1:35032-,1,0,0,0,yes
leader_filters.2_T_02,spotba,28804,28804,55989,1,1:28804-,1,0,0,0,yes
leader_filters.3_F_01,spotba,100053,100053,239756,2,1:100053-,1,0,0,0,yes
leader_filters.3_T_02,spotba,91093,91093,208236,1,1:91093-,1,0,0,0,yes
leader_filters.4_F_01,spotba,55977,55977,137248,2,1:55977-,1,0,0,0,yes
leader_filters.4_T_02,spotba,50025,50025,116476,1,1:50025-,1,0,0,0,yes
leader_filters.5_F_01,spotba,1735536,1735536,5043545,2,1:1735536-,1,0,0,0,yes
leader_filters.5_T_02,spotba,1572886,1572886,4319565,1,1:1572886-,1,0,0,0,yes
leader_filters.7_F_01,spotba,29076919,29076919,99130686,2,1:29076919-,1,0,0,0,yes
leader_filters.7_T_02,spotba,26302351,26302351,84124038,1,1:26302351-,1,0,0,0,yes
mcs.1_F_01,spotba,201,9673,27672,2,9125:1-159:2-5:8-1:190-,9125,9125,0,0,no
mcs.1_F_02,spotba,3470,12206,41056,2,7597:1-159:6-5:48-1:3415-,7597,7597,0,0,yes
mcs.1_F_05,spotba,55,10957,29821,2,10459:1-207:2-5:8-1:44-,10459,10459,10459,0,no
mcs.1_T_03,spotba,19,8917,24149,2,8551:1-159:2-5:8-1:8-,8551,8551,0,0,no
mcs.1_T_04,spotba,5155,15815,60870,2,7597:1-159:16-5:134-1:5004-,7597,7597,0,0,yes
mcs.1_T_06,spotba,7637,15581,53092,2,7597:1-159:2-5:8-1:7626-,7597,7597,0,0,yes
mcs.2_F_01,spotba,1442,1666,4114,2,63:1-22:4-16:2-5:12-1:1423-,63,0,0,0,no
mcs.2_F_02,spotba,2219,2462,7552,2,44:1-16:8-5:20-1:2190-,44,0,0,0,yes
mcs.2_F_05,spotba,1641,1864,4458,2,62:1-20:6-5:12-1:1622-,62,0,0,0,no
mcs.2_F_06,spotba,2622,2803,8367,2,44:1-16:6-5:12-1:2603-,44,0,0,0,yes
mcs.2_T_03,spotba,1365,1560,3642,2,50:1-18:4-16:2-5:12-1:1346-,50,0,0,0,no
mcs.2_T_04,spotba,2506,2811,9255,2,44:1-16:10-5:28-1:2467-,44,0,0,0,yes
mcs.3_F_01,spotba,8673,686965,2617226,2,661109:1-7597:2-159:12-5:24-1:8634-,661109,676303,661109,661109,no
mcs.3_F_02,spotba,219199,850771,3847692,2,554221:1-7597:7-159:114-5:1542-1:217535-,554221,607400,554221,554221,yes
mcs.3_F_05,spotba,973,803637,2944848,2,779181:1-10459:2-207:12-5:24-1:934-,779181,800099,800099,779181,no
mcs.3_T_03,spotba,55,627699,2287380,2,610461:1-7597:2-159:12-5:24-1:16-,610461,625655,610461,610461,no
mcs.3_T_04,spotba,314181,1138671,5971200,2,554221:1-7597:24-159:429-5:5046-1:308681-,554221,736549,554221,554221,yes
mcs.3_T_06,spotba,554160,1125564,5156448,2,554221:1-7597:2-159:12-5:24-1:554121-,554221,569415,554221,554221,yes
mcs.4_F_01,spotba,18170,19350,67184,2,163:1-63:6-44:2-22:12-16:12-5:32-1:18105-,163,0,0,0,no
mcs.4_F_02,spotba,27525,28830,127124,2,112:1-44:10-16:36-5:56-1:27422-,112,0,0,0,yes
mcs.4_F_05,spotba,23273,24512,81560,2,168:1-62:8-20:24-5:32-1:23208-,168,0,0,0,no
mcs.4_F_06,spotba,31792,32735,131140,2,112:1-44:8-16:24-5:32-1:31727-,112,0,0,0,yes
mcs.4_T_03,spotba,17399,18416,60344,2,126:1-50:6-44:2-18:12-16:12-5:32-1:17334-,126,0,0,0,no
mcs.4_T_04,spotba,31092,32759,152644,2,112:1-44:12-16:48-5:80-1:30951-,112,0,0,0,yes
mcs.5_F_01,spotba,619151,71929237,343724030,2,70072271:1-554221:2-7597:16-159:48-5:64-1:619020-,70072271,71302265,71180713,71180713,no
mcs.5_F_02,spotba,20449270,87374538,496150516,2,59318541:1-554221:8-7597:224-159:6492-5:111432-1:20331113-,59318541,65454037,63752309,63752309,yes
mcs.5_F_05,spotba,43179,86040721,398311305,2,84261711:1-779181:2-10459:16-207:48-5:64-1:43048-,84261711,85987417,85987417,85820073,no
mcs.5_T_03,spotba,163,65545153,301789145,2,64307175:1-554221:2-7597:16-159:48-5:64-1:32-,64307175,65537169,65415617,65415617,no
mcs.6_F_01,spotba,376130,381934,1610446,2,399:1-163:8-112:2-63:24-44:16-22:32-16:48-5:80-1:375919-,399,0,0,0,no
mcs.6_F_02,spotba,592787,599294,3322926,2,272:1-112:12-44:56-16:128-5:144-1:592446-,272,0,0,0,yes
mcs.6_F_05,spotba,492413,498784,2035800,2,422:1-168:10-62:40-20:80-5:80-1:492202-,422,0,0,0,no
mcs.6_F_06,spotba,660386,665007,3283155,2,272:1-112:10-44:40-16:80-5:80-1:660175-,272,0,0,0,yes
mcs.6_T_03,spotba,360821,365792,1471192,2,302:1-126:8-112:2-50:24-44:16-18:32-16:48-5:80-1:360610-,302,0,0,0,no
mcs.6_T_04,spotba,656678,665071,3848723,2,272:1-112:14-44:72-16:176-5:208-1:656207-,272,0,0,0,yes
peterson.1_F_01,spotba,766,14496,39389,2,12776:1-276:1-272:1-242:1-15:12-1:750-,12776,12776,12776,0,no
peterson.1_F_02,spotba,9246,22816,86904,2,11040:1-276:5-246:1-216:1-24:12-15:30-1:9196-,11040,11040,11040,0,yes
peterson.1_F_05,spotba,604,13519,36156,2,11965:1-294:1-262:1-230:1-15:12-1:588-,11965,11965,11965,0,no
peterson.1_F_08,spotba,11670,26867,78026,3,11040:1-276:10-246:1-216:1-24:12-15:48-1:11597-,11040,11040,11040,0,no
peterson.1_T_03,spotba,572,12740,34049,2,11254:1-276:1-252:1-222:1-15:12-1:556-,11254,11254,11254,0,no
peterson.1_T_04,spotba,9788,24985,99386,2,11040:1-276:10-246:1-216:1-24:12-15:48-1:9715-,11040,11040,11040,0,yes
peterson.1_T_06,spotba,13023,24965,97158,2,11040:1-276:1-246:1-216:1-15:12-1:13007-,11040,11040,11040,0,yes
peterson.1_T_07,spotba,808,12750,34011,3,11040:1-276:1-246:1-216:1-15:12-1:792-,11040,11040,11040,0,no
peterson.1_T_09,spotba,556,12498,97251,2,11040:1-276:1-246:1-216:1-15:12-1:540-,11040,11040,11040,0,no
peterson.2_F_01,spotba,762,149245,510933,2,142867:1-1955:1-1943:1-1680:1-15:3-1:755-,142867,148445,142867,142867,no
peterson.2_F_02,spotba,82658,234376,1032083,2,119088:1-1680:17-1668:1-1656:1-24:12-15:35-1:82591-,119088,150972,119088,119088,yes
peterson.2_F_05,spotba,574,176398,573152,2,169420:1-2142:1-2122:1-2102:1-15:3-1:567-,169420,175786,169420,169420,no
peterson.2_F_07,spotba,23178,147400,469516,3,119088:1-1680:1-1668:1-1656:1-24:4-15:3-1:23167-,119088,124092,119088,119088,no
peterson.2_F_08,spotba,102357,262610,851742,3,119088:1-1680:22-1668:1-1656:1-24:12-15:45-1:102275-,119088,159372,119088,119088,no
peterson.2_F_09,spotba,574,134151,1031937,2,128439:1-1712:1-1700:1-1688:1-15:3-1:567-,128439,133539,128439,128439,no
peterson.2_T_03,spotba,574,147361,470120,2,141211:1-1935:1-1923:1-1680:1-15:3-1:567-,141211,146749,141211,141211,no
peterson.2_T_04,spotba,89115,249368,1126537,2,119088:1-1680:22-1668:1-1656:1-24:12-15:45-1:89033-,119088,159372,119088,119088,yes
peterson.2_T_06,spotba,121226,245356,1000456,2,119088:1-1680:1-1668:1-1656:1-15:3-1:121219-,119088,124092,119088,119088,yes
peterson.3_F_01,spotba,359,210879,700093,2,201908:1-3432:1-3216:1-1817:1-36:3-27:1-21:1-1:350-,201908,210373,201908,201908,no
peterson.3_F_02,spotba,113774,306663,1330601,2,161982:1-3432:5-2606:1-1680:1-36:9-27:223-21:1-9:417-1:113116-,161982,183428,161982,161982,yes
peterson.3_F_05,spotba,325,235162,752352,2,225037:1-4380:1-3266:1-2007:1-36:3-27:1-21:1-1:316-,225037,234690,225037,225037,no
peterson.3_F_07,spotba,21817,192776,606176,3,161982:1-3432:1-2606:1-1680:1-36:3-27:1-21:1-9:139-1:21669-,161982,169700,161982,161982,no
peterson.3_F_08,spotba,159469,369758,1244810,3,161982:1-3432:10-2606:1-1680:1-36:16-27:223-21:1-9:417-1:158799-,161982,200588,161982,161982,no
peterson.3_F_09,spotba,309,178343,1405537,2,170081:1-3480:1-2642:1-1684:1-36:3-27:1-21:1-1:300-,170081,177887,170081,170081,no
peterson.3_T_03,spotba,309,192614,608603,2,184001:1-3432:1-2964:1-1761:1-36:3-27:1-21:1-1:300-,184001,192158,184001,184001,no
peterson.3_T_04,spotba,129860,340149,1546031,2,161982:1-3432:10-2606:1-1680:1-36:16-27:223-21:1-9:417-1:129190-,161982,200588,161982,161982,yes
peterson.3_T_06,spotba,165828,335675,1375151,2,161982:1-3432:1-2606:1-1680:1-36:3-27:1-21:1-1:165819-,161982,169700,161982,161982,yes
peterson.4_F_01,spotba,40352,1256505,4385906,2,1146265:1-17539:1-14430:1-11776:1-10839:1-585:4-534:4-526:4-483:4-475:4-424:4-154:2-133:2-131:2-112:2-105:2-92:2-89:3-73:6-40:9-24:32-1:40261-,1146265,1200849,1200849,1146265,no
peterson.4_F_02,spotba,829698,2087542,10439454,2,1023501:1-17539:6-13557:1-10976:1-10112:1-2061:15-585:15-534:15-483:19-432:4-381:4-154:7-133:7-128:2-110:2-102:2-92:7-87:3-72:6-48:30-40:711-24:56-1:828783-,1023501,1194295,1163380,1023501,yes
peterson.4_F_05,spotba,29985,1162165,4016417,2,1062798:1-18192:1-14052:1-11379:1-10497:1-607:4-554:4-501:8-448:4-395:4-160:2-139:2-132:2-114:2-104:2-96:2-89:3-74:6-40:9-24:32-1:29894-,1062798,1116918,1116918,1062798,no
peterson.4_F_08,spotba,990003,2373096,8790457,3,1023501:1-17539:12-13557:1-10976:1-10112:1-2061:15-585:26-534:26-483:30-432:4-381:4-154:12-133:12-128:2-110:2-102:2-92:12-87:3-72:6-48:30-40:711-24:80-1:989010-,1023501,1299529,1268614,1023501,no
peterson.4_T_03,spotba,29305,1125584,3886878,2,1028999:1-17539:1-13645:1-11064:1-10200:1-585:4-534:4-489:4-483:4-438:4-387:4-154:2-133:2-128:2-110:2-102:2-92:2-87:3-72:6-40:9-24:32-1:29214-,1028999,1081447,1081447,1028999,no
peterson.4_T_04,spotba,856006,2239099,11575212,2,1023501:1-17539:12-13557:1-10976:1-10112:1-2061:15-585:26-534:26-483:30-432:4-381:4-154:12-133:12-128:2-110:2-102:2-92:12-87:3-72:6-48:30-40:711-24:80-1:855013-,1023501,1299529,1268614,1023501,yes
peterson.4_T_06,spotba,1148594,2239039,11449204,2,1023501:1-17539:1-13557:1-10976:1-10112:1-585:4-534:4-483:8-432:4-381:4-154:2-133:2-128:2-110:2-102:2-92:2-87:3-72:6-40:9-24:32-1:1148503-,1023501,1075685,1075685,1023501,yes
peterson.4_T_07,spotba,35159,1125604,3883814,3,1023501:1-17539:1-13557:1-10976:1-10112:1-585:4-534:4-483:8-432:4-381:4-154:2-133:2-128:2-110:2-102:2-92:2-87:3-72:6-40:9-24:32-1:35068-,1023501,1075685,1075685,1023501,no
peterson.4_T_09,spotba,29115,1119560,15241844,2,1023501:1-17539:1-13557:1-10976:1-10112:1-585:4-534:4-483:8-432:4-381:4-154:2-133:2-128:2-110:2-102:2-92:2-87:3-72:6-40:9-24:32-1:29024-,1023501,1075685,1075685,1023501,no
peterson.5_T_03,spotba,180591,149693650,645193834,2,144787468:1-1209845:1-1199705:1-1190426:1-1081608:1-7694:1-7642:1-7590:1-7052:1-7000:1-6948:1-24:4-1:180576-,144787468,149512978,149469052,149469052,no
peterson.7_T_03,spotba,2237485,142749976,617265378,2,132975825:1-1789020:1-1263212:1-979174:1-883224:1-824066:1-46062:4-37873:4-32778:4-31229:4-30290:4-25362:4-23980:4-21506:2-20660:4-19391:4-19104:2-18122:4-16031:2-15961:2-14282:2-12360:2-11867:2-11313:2-10981:2-10788:2-9765:3-8734:3-8476:3-7184:3-6926:3-6668:3-4035:3-3863:3-3691:3-3519:3-1038:8-962:8-886:16-816:8-810:8-740:8-734:8-664:8-588:8-303:4-276:4-264:4-240:4-225:8-216:4-204:22-186:4-183:48-168:18-150:48-147:4-132:108-117:61-102:235-60:574-35:80-1:2236079-,132975825,140342782,140145895,138714521,no
peterson.7_T_07,spotba,2513759,142750012,617076330,3,132714927:1-1789020:1-1260276:1-976292:1-880432:1-821400:1-46062:4-37873:4-32778:4-31229:4-30190:4-25262:4-23880:4-21506:2-20560:4-19291:4-19104:2-18022:4-15963:2-15961:2-14225:2-12292:2-11821:2-11245:2-10924:2-10788:2-9709:3-8689:3-8431:3-7150:3-6892:3-6634:3-4035:3-3863:3-3691:3-3519:3-1038:8-962:8-886:16-810:16-734:16-658:8-582:8-303:4-276:4-264:4-240:4-225:8-216:4-204:22-186:4-183:48-168:18-150:48-147:4-132:108-117:61-102:235-60:574-35:80-1:2512353-,132714927,140066736,139870593,138442347,no
phils.1_F_01,spotba,3,97,256,2,95:1-1:2-,95,0,0,0,no
phils.1_F_02,spotba,18,159,594,2,79:1-36:1-12:2-4:2-1:12-,79,0,0,0,yes
phils.1_F_03,spotba,3,106,313,2,104:1-1:2-,104,0,0,0,no
phils.1_F_04,spotba,15,107,299,2,79:1-12:1-4:1-1:12-,79,0,0,0,yes
phils.1_F_05,spotba,3,135,357,2,133:1-1:2-,133,0,0,0,no
phils.1_F_06,spotba,76,154,467,2,79:1-1:75-,79,0,0,0,yes
phils.2_F_01,spotba,2,694,2776,2,693:1-1:1-,693,0,0,0,no
phils.2_F_02,spotba,64,1161,6629,2,581:1-370:1-66:2-10:2-1:58-,581,0,0,0,yes
phils.2_F_03,spotba,1,714,3236,2,714:1-1:0-,714,0,0,0,no
phils.2_F_04,spotba,61,715,2880,2,581:1-66:1-10:1-1:58-,581,0,0,0,yes
phils.2_F_05,spotba,2,987,4035,2,986:1-1:1-,986,0,0,0,no
phils.2_F_06,spotba,312,1122,5130,2,581:1-26:1-11:10-4:35-1:265-,581,0,0,0,yes
phils.3_F_01,spotba,2,891,3565,2,890:1-1:1-,890,0,0,0,no
phils.3_F_02,spotba,95,1458,8154,2,729:1-324:1-108:2-36:2-12:2-4:2-1:85-,729,0,0,0,yes
phils.3_F_03,spotba,1,970,4386,2,970:1-1:0-,970,0,0,0,no
phils.3_F_04,spotba,87,971,4099,2,729:1-108:1-36:1-12:1-4:1-1:82-,729,0,0,0,yes
phils.3_F_05,spotba,2,1296,5457,2,1295:1-1:1-,1295,1295,0,0,no
phils.3_T_06,spotba,651,1379,5701,2,729:1-1:650-,729,0,0,0,yes
phils.4_F_01,spotba,2,411654,3756604,2,411653:1-1:1-,411653,411653,411653,411653,no
phils.4_F_02,spotba,35448,681577,8745241,2,340789:1-196130:1-43058:2-9210:2-1898:2-370:2-66:2-10:2-1:35434-,340789,645251,623035,536919,yes
phils.4_F_03,spotba,1,430834,4527732,2,430834:1-1:0-,430834,430834,430834,430834,no
phils.4_F_04,spotba,35441,430835,4055656,2,340789:1-43058:1-9210:1-1898:1-370:1-66:1-10:1-1:35434-,340789,394955,383847,340789,yes
phils.4_F_05,spotba,2,586631,6166143,2,586630:1-1:1-,586630,586630,586630,586630,no
phils.4_F_06,spotba,156995,603506,5272200,2,340789:1-502:1-247:18-120:135-57:546-26:1287-11:1782-4:1386-1:151839-,340789,340789,340789,340789,yes
phils.5_F_01,spotba,3,649537,5176608,2,649535:1-1:2-,649535,649535,649535,649535,no
phils.5_F_02,spotba,59074,1062879,11849122,2,531439:1-236196:1-78732:2-26244:2-8748:2-2916:2-972:2-324:2-108:2-36:2-12:2-4:2-1:59052-,531439,1000915,977587,767635,yes
phils.5_F_03,spotba,3,708586,6515041,2,708584:1-1:2-,708584,708584,708584,708584,no
phils.5_F_04,spotba,59063,708587,6062355,2,531439:1-78732:1-26244:1-8748:1-2916:1-972:1-324:1-108:1-36:1-12:1-4:1-1:59052-,531439,648079,636415,531439,yes
phils.5_F_05,spotba,3,843534,8930161,2,843532:1-1:2-,843532,843532,843532,843532,no
phils.5_F_06,spotba,316203,847641,6051963,2,531439:1-1:316202-,531439,531439,531439,531439,yes
phils.6_F_01,spotba,3,17537551,174844062,2,17537549:1-1:2-,17537549,17537549,17537549,17537549,no
phils.6_F_02,spotba,1594354,28697811,399643576,2,14348905:1-6377292:1-2125764:2-708588:2-236196:2-78732:2-26244:2-8748:2-2916:2-972:2-324:2-108:2-36:2-12:2-4:2-1:1594326-,14348905,27100573,27077245,26867293,yes
phils.6_F_03,spotba,3,19131874,220547974,2,19131872:1-1:2-,19131872,19131872,19131872,19131872,no
phils.6_F_04,spotba,1594340,19131875,205136214,2,14348905:1-2125764:1-708588:1-236196:1-78732:1-26244:1-8748:1-2916:1-972:1-324:1-108:1-36:1-12:1-4:1-1:1594326-,14348905,17536093,17524429,17419453,yes
phils.6_F_05,spotba,3,20943771,320443006,2,20943769:1-1:2-,20943769,20943769,20943769,20943769,no
phils.6_F_06,spotba,6627649,20976553,183876888,2,14348905:1-1:6627648-,14348905,14348905,14348905,14348905,yes
phils.8_F_01,spotba,3,52612657,559607344,2,52612655:1-1:2-,52612655,52612655,52612655,52612655,no
phils.8_F_03,spotba,3,57395626,706285045,2,57395624:1-1:2-,57395624,57395624,57395624,57395624,no
phils.8_F_04,spotba,4782987,57395627,656861063,2,43046719:1-6377292:1-2125764:1-708588:1-236196:1-78732:1-26244:1-8748:1-2916:1-972:1-324:1-108:1-36:1-12:1-4:1-1:4782972-,43046719,52611199,52599535,52494559,yes
protocols.1_F_01,spotba,2026,4455,11970,2,2430:1-1:2025-,2430,2430,0,0,yes
protocols.1_F_03,spotba,1,4046,10700,2,4046:1-1:0-,4046,4046,0,0,no
protocols.1_F_05,spotba,2005,4434,10800,4,2430:1-1:2004-,2430,2430,0,0,yes
protocols.1_F_06,spotba,2005,4434,10799,4,2430:1-1:2004-,2430,2430,0,0,yes
protocols.1_T_02,spotba,2025,2025,3240,1,1:2025-,1,0,0,0,yes
protocols.1_T_04,spotba,2429,4858,14936,2,2430:1-1:2428-,2430,2430,0,0,yes
protocols.2_F_01,spotba,1060,12696,47913,2,10656:1-96:6-8:18-4:33-2:186-1:816-,10656,10656,10656,0,yes
protocols.2_F_02,spotba,1053,1464,3241,1,8:18-4:33-2:186-1:816-,8,0,0,0,yes
protocols.2_F_03,spotba,34,18726,69423,2,17712:1-160:6-4:3-2:18-1:6-,17712,17712,17712,0,no
protocols.2_F_04,spotba,8628,22547,97266,2,10656:1-96:6-8:48-4:174-2:1836-1:6563-,10656,10656,10656,0,yes
protocols.2_F_05,spotba,557,12007,45136,4,10656:1-96:6-8:9-4:18-2:108-1:415-,10656,10656,10656,0,yes
protocols.2_T_06,spotba,528,728,1598,4,8:9-4:15-2:92-1:412-,8,0,0,0,yes
protocols.3_F_01,spotba,1108,3771,10770,2,2664:1-1:1107-,2664,2664,0,0,yes
protocols.3_F_03,spotba,250,4681,12718,2,4432:1-1:249-,4432,4432,0,0,no
protocols.3_F_04,spotba,2966,5629,17684,2,2664:1-1:2965-,2664,2664,0,0,yes
protocols.3_F_05,spotba,631,3294,9302,4,2664:1-1:630-,2664,2664,0,0,yes
protocols.3_T_02,spotba,963,963,1500,1,1:963-,1,0,0,0,yes
protocols.3_T_06,spotba,483,483,751,4,1:483-,1,0,0,0,yes
protocols.4_F_01,spotba,217450,590481,1995326,2,373032:1-1:217449-,373032,373032,373032,373032,yes
protocols.4_F_03,spotba,110350,731901,2381594,2,621552:1-1:110349-,621552,621552,621552,621552,no
protocols.4_F_04,spotba,505374,878405,3309388,2,373032:1-1:505373-,373032,373032,373032,373032,yes
protocols.4_F_05,spotba,141832,514863,1725164,4,373032:1-1:141831-,373032,373032,373032,373032,yes
protocols.4_T_02,spotba,151245,151245,276518,1,1:151245-,1,0,0,0,yes
protocols.4_T_06,spotba,75624,75624,138260,4,1:75624-,1,0,0,0,yes
protocols.5_F_01,spotba,475384,1339023,4489246,2,863640:1-1:475383-,863640,863640,863640,863640,yes
protocols.5_F_02,spotba,342687,342687,622040,1,1:342687-,1,0,0,0,yes
protocols.5_F_03,spotba,221170,1660249,5356594,2,1439080:1-1:221169-,1439080,1439080,1439080,1439080,no
protocols.5_F_04,spotba,1128890,1992529,7442332,2,863640:1-1:1128889-,863640,863640,863640,863640,yes
protocols.5_F_05,spotba,304045,1167684,3881184,4,863640:1-1:304044-,863640,863640,863640,863640,yes
protocols.5_T_06,spotba,171345,171345,311021,4,1:171345-,1,0,0,0,yes
public_subscribe.1_F_01,spotba,143,580,905,2,219:1-105:1-46:1-27:1-12:4-1:135-,219,0,0,0,no
public_subscribe.1_F_03,spotba,143,580,873,2,219:1-105:1-46:1-27:1-12:4-1:135-,219,0,0,0,no
public_subscribe.1_F_04,spotba,295,772,1217,2,219:1-105:1-46:1-27:1-12:7-8:1-1:283-,219,0,0,0,yes
public_subscribe.1_T_02,spotba,183,620,913,2,219:1-105:1-46:1-27:1-12:4-1:175-,219,0,0,0,yes
public_subscribe.1_T_05,spotba,143,580,1017,2,219:1-105:1-46:1-27:1-12:4-1:135-,219,0,0,0,yes
public_subscribe.1_T_06,spotba,143,580,1017,3,219:1-105:1-46:1-27:1-12:4-1:135-,219,0,0,0,yes
public_subscribe.2_F_01,spotba,319924,1935075,6631524,2,655344:1-147980:1-146668:1-32654:1-9744:25-5670:2-5566:2-1148:4-968:50-724:150-720:1-537:4-312:350-204:2-105:120-96:573-46:288-27:16-12:1144-8:12-1:317177-,655344,1253310,982646,949992,no
public_subscribe.2_F_03,spotba,296220,1867995,6182308,2,637456:1-144208:1-142896:1-31966:1-9360:25-5658:2-5554:2-1147:4-920:50-720:1-708:150-536:4-304:350-204:2-105:120-96:573-46:288-27:16-12:1144-8:12-1:293473-,637456,1217538,956526,924560,no
public_subscribe.2_F_04,spotba,668606,2643849,8803178,2,628128:1-142832:1-141520:1-31830:1-9360:25-5574:2-5470:2-1140:4-920:50-849:50-720:1-708:330-529:4-304:530-204:2-105:620-96:1345-68:120-46:788-27:16-12:4340-8:132-1:660241-,628128,1204958,944310,912480,yes
public_subscribe.2_T_02,spotba,418420,1977587,6437388,2,628128:1-142832:1-141520:1-31830:1-9360:25-5574:2-5470:2-1140:4-920:50-720:1-708:150-529:4-304:350-204:2-105:120-96:573-46:288-27:16-12:1144-8:12-1:415673-,628128,1204958,944310,912480,yes
public_subscribe.2_T_05,spotba,254994,1568145,6212810,2,506028:1-147666:1-114094:1-32668:1-9600:20-5706:2-4488:2-1180:2-1162:2-944:40-744:1-732:60-728:60-540:2-529:2-316:140-312:140-212:1-210:1-200:5-105:98-100:455-68:5-46:250-27:14-12:1023-8:12-1:252653-,506028,1017528,800456,767788,yes
public_subscribe.2_T_06,spotba,462848,3010435,11131804,3,628128:1-506028:1-147666:1-141520:1-114094:1-32668:1-9600:20-9360:20-5706:2-5470:2-4488:2-1180:2-1162:2-944:40-920:40-744:1-732:60-728:60-708:110-540:2-529:4-316:140-312:140-304:270-212:1-210:1-200:5-105:186-100:455-96:428-68:5-46:486-27:18-12:1815-8:16-1:458509-,628128,1985316,1570104,1537436,yes
public_subscribe.3_F_01,spotba,319924,1935075,6631524,2,655344:1-147980:1-146668:1-32654:1-9744:25-5670:2-5566:2-1148:4-968:50-724:150-720:1-537:4-312:350-204:2-105:120-96:573-46:288-27:16-12:1144-8:12-1:317177-,655344,1253310,982646,949992,no
public_subscribe.3_F_03,spotba,296220,1867995,6182308,2,637456:1-144208:1-142896:1-31966:1-9360:25-5658:2-5554:2-1147:4-920:50-720:1-708:150-536:4-304:350-204:2-105:120-96:573-46:288-27:16-12:1144-8:12-1:293473-,637456,1217538,956526,924560,no
public_subscribe.3_F_04,spotba,668606,2643849,8803178,2,628128:1-142832:1-141520:1-31830:1-9360:25-5574:2-5470:2-1140:4-920:50-849:50-720:1-708:330-529:4-304:530-204:2-105:620-96:1345-68:120-46:788-27:16-12:4340-8:132-1:660241-,628128,1204958,944310,912480,yes
public_subscribe.3_T_02,spotba,418420,1977587,6437388,2,628128:1-142832:1-141520:1-31830:1-9360:25-5574:2-5470:2-1140:4-920:50-720:1-708:150-529:4-304:350-204:2-105:120-96:573-46:288-27:16-12:1144-8:12-1:415673-,628128,1204958,944310,912480,yes
public_subscribe.3_T_05,spotba,254994,1568145,6212810,2,506028:1-147666:1-114094:1-32668:1-9600:20-5706:2-4488:2-1180:2-1162:2-944:40-744:1-732:60-728:60-540:2-529:2-316:140-312:140-212:1-210:1-200:5-105:98-100:455-68:5-46:250-27:14-12:1023-8:12-1:252653-,506028,1017528,800456,767788,yes
public_subscribe.3_T_06,spotba,462848,3010435,11131804,3,628128:1-506028:1-147666:1-141520:1-114094:1-32668:1-9600:20-9360:20-5706:2-5470:2-4488:2-1180:2-1162:2-944:40-920:40-744:1-732:60-728:60-708:110-540:2-529:4-316:140-312:140-304:270-212:1-210:1-200:5-105:186-100:455-96:428-68:5-46:486-27:18-12:1815-8:16-1:458509-,628128,1985316,1570104,1537436,yes
public_subscribe.4_F_01,spotba,319924,1935075,6631524,2,655344:1-147980:1-146668:1-32654:1-9744:25-5670:2-5566:2-1148:4-968:50-724:150-720:1-537:4-312:350-204:2-105:120-96:573-46:288-27:16-12:1144-8:12-1:317177-,655344,1253310,982646,949992,no
public_subscribe.4_F_03,spotba,296220,1867995,6182308,2,637456:1-144208:1-142896:1-31966:1-9360:25-5658:2-5554:2-1147:4-920:50-720:1-708:150-536:4-304:350-204:2-105:120-96:573-46:288-27:16-12:1144-8:12-1:293473-,637456,1217538,956526,924560,no
public_subscribe.4_F_04,spotba,668606,2643849,8803178,2,628128:1-142832:1-141520:1-31830:1-9360:25-5574:2-5470:2-1140:4-920:50-849:50-720:1-708:330-529:4-304:530-204:2-105:620-96:1345-68:120-46:788-27:16-12:4340-8:132-1:660241-,628128,1204958,944310,912480,yes
public_subscribe.4_T_02,spotba,418420,1977587,6437388,2,628128:1-142832:1-141520:1-31830:1-9360:25-5574:2-5470:2-1140:4-920:50-720:1-708:150-529:4-304:350-204:2-105:120-96:573-46:288-27:16-12:1144-8:12-1:415673-,628128,1204958,944310,912480,yes
public_subscribe.4_T_05,spotba,254994,1568145,6212810,2,506028:1-147666:1-114094:1-32668:1-9600:20-5706:2-4488:2-1180:2-1162:2-944:40-744:1-732:60-728:60-540:2-529:2-316:140-312:140-212:1-210:1-200:5-105:98-100:455-68:5-46:250-27:14-12:1023-8:12-1:252653-,506028,1017528,800456,767788,yes
public_subscribe.4_T_06,spotba,462848,3010435,11131804,3,628128:1-506028:1-147666:1-141520:1-114094:1-32668:1-9600:20-9360:20-5706:2-5470:2-4488:2-1180:2-1162:2-944:40-920:40-744:1-732:60-728:60-708:110-540:2-529:4-316:140-312:140-304:270-212:1-210:1-200:5-105:186-100:455-96:428-68:5-46:486-27:18-12:1815-8:16-1:458509-,628128,1985316,1570104,1537436,yes
rether.1_F_01,spotba,291,3013,3422,4,2723:1-1:290-,2723,2723,0,0,no
rether.1_F_03,spotba,725,3356,3780,4,2632:1-1:724-,2632,2632,0,0,no
rether.1_F_05,spotba,338,1411,1555,2,994:1-81:1-1:336-,994,0,0,0,yes
rether.1_F_07,spotba,2,2471,2768,2,2470:1-1:1-,2470,2470,0,0,no
rether.1_F_09,spotba,2,2458,2755,2,2457:1-1:1-,2457,2457,0,0,no
rether.1_F_10,spotba,1196,4879,8120,2,2457:1-994:1-81:1-78:2-1:1191-,2457,2457,0,0,yes
rether.1_T_02,spotba,375,2831,3154,5,2457:1-1:374-,2457,2457,0,0,yes
rether.1_T_04,spotba,901,5813,6488,5,2457:2-1:899-,2457,4914,0,0,yes
rether.1_T_06,spotba,339,3868,4330,3,2457:1-994:1-81:1-1:336-,2457,2457,0,0,yes
rether.1_T_08,spotba,2333,4789,7788,2,2457:1-1:2332-,2457,2457,0,0,yes
rether.2_F_01,spotba,425,9901,11187,4,9477:1-1:424-,9477,9477,0,0,no
rether.2_F_03,spotba,1391,10471,11736,4,9081:1-1:1390-,9081,9081,0,0,no
rether.2_F_05,spotba,522,4853,5341,2,4309:1-24:1-1:520-,4309,4309,0,0,yes
rether.2_F_07,spotba,2,9293,10344,2,9292:1-1:1-,9292,9292,0,0,no
rether.2_F_09,spotba,2,9278,10329,2,9277:1-1:1-,9277,9277,0,0,no
rether.2_F_10,spotba,4443,18392,30355,2,9277:1-4309:1-92:3-24:4-1:4434-,9277,13586,0,0,yes
rether.2_T_02,spotba,681,9957,11029,5,9277:1-1:680-,9277,9277,0,0,yes
rether.2_T_04,spotba,1545,20097,22308,5,9277:2-1:1543-,9277,18554,0,0,yes
rether.2_T_06,spotba,523,14130,15733,3,9277:1-4309:1-24:1-1:520-,9277,13586,0,0,yes
rether.2_T_08,spotba,9031,18307,30066,2,9277:1-1:9030-,9277,9277,0,0,yes
rether.3_F_01,spotba,2522,308378,341775,4,305857:1-1:2521-,305857,305857,305857,305857,no
rether.3_F_03,spotba,11499,309611,342354,4,298113:1-1:11498-,298113,298113,298113,298113,no
rether.3_F_05,spotba,3553,145484,159388,2,141772:1-161:1-1:3551-,141772,141772,141772,141772,yes
rether.3_F_07,spotba,2,305357,334539,2,305356:1-1:1-,305356,305356,305356,305356,no
rether.3_F_09,spotba,2,305334,334516,2,305333:1-1:1-,305333,305333,305333,305333,no
rether.3_F_10,spotba,159201,607382,991098,2,305333:1-141772:1-161:1-154:6-1:159192-,305333,447105,447105,447105,yes
rether.3_T_02,spotba,4602,309934,339236,5,305333:1-1:4601-,305333,305333,305333,305333,yes
rether.3_T_04,spotba,12840,623504,682817,5,305333:2-1:12838-,305333,610666,610666,610666,yes
rether.3_T_06,spotba,3554,450817,494421,3,305333:1-141772:1-161:1-1:3551-,305333,447105,447105,447105,yes
rether.3_T_08,spotba,302820,608152,994230,2,305333:1-1:302819-,305333,305333,305333,305333,yes
rether.4_F_01,spotba,111839,1173831,1563827,4,1015337:1-297:18-288:144-1:111676-,1015337,1015337,1015337,1015337,no
rether.4_F_03,spotba,203524,1239174,1648505,4,988995:1-297:18-288:144-1:203361-,988995,988995,988995,988995,no
rether.4_F_05,spotba,87112,747555,989060,2,623268:1-297:17-288:112-1:86982-,623268,623268,623268,623268,yes
rether.4_F_07,spotba,99000,1162462,1545154,2,1016807:1-297:18-288:144-1:98837-,1016807,1016807,1016807,1016807,no
rether.4_F_08,spotba,1244637,2304357,4565921,2,1013065:1-297:18-288:144-1:1244474-,1013065,1013065,1013065,1013065,yes
rether.4_F_09,spotba,97806,1158390,1540029,2,1013929:1-297:18-288:144-1:97643-,1013929,1013929,1013929,1013929,no
rether.4_F_10,spotba,580753,2308396,4587447,2,1013065:1-623268:1-297:37-288:280-1:580434-,1013065,1636333,1636333,1636333,yes
rether.4_T_02,spotba,118023,1177743,1560252,5,1013065:1-297:18-288:144-1:117860-,1013065,1013065,1013065,1013065,yes
rether.4_T_04,spotba,299054,2418494,3207707,5,1013065:2-297:36-288:288-1:298728-,1013065,2026130,2026130,2026130,yes
rether.4_T_06,spotba,184443,1904606,2528630,3,1013065:1-623268:1-297:35-288:256-1:184150-,1013065,1636333,1636333,1636333,yes
rether.5_F_01,spotba,30545,3051503,3359086,4,3020959:1-1:30544-,3020959,3020959,3020959,3020959,no
rether.5_F_03,spotba,190821,3135321,3443347,4,2944501:1-1:190820-,2944501,2944501,2944501,2944501,no
rether.5_F_05,spotba,39966,1684032,1844336,2,1643918:1-150:1-1:39964-,1643918,1643918,1643918,1643918,yes
rether.5_F_07,spotba,2,3017137,3302444,2,3017136:1-1:1-,3017136,3017136,3017136,3017136,no
rether.5_F_09,spotba,2,3017044,3302351,2,3017043:1-1:1-,3017043,3017043,3017043,3017043,no
rether.5_F_10,spotba,1351525,6015383,9836736,2,3017043:1-1643918:1-290:9-150:2-1:1351512-,3017043,4660961,4660961,4660961,yes
rether.5_T_02,spotba,48717,3065759,3353500,5,3017043:1-1:48716-,3017043,3017043,3017043,3017043,yes
rether.5_T_04,spotba,193716,6227800,6816414,5,3017043:2-1:193714-,3017043,6034086,6034086,6034086,yes
rether.5_T_06,spotba,39967,4701075,5151229,3,3017043:1-1643918:1-150:1-1:39964-,3017043,4660961,4660961,4660961,yes
rether.5_T_08,spotba,2994973,6012015,9828450,2,3017043:1-1:2994972-,3017043,3017043,3017043,3017043,yes
rether.6_F_01,spotba,535466,5983216,7934434,4,5357243:1-385:22-374:220-1:535223-,5357243,5357243,5357243,5357243,no
rether.6_F_03,spotba,925319,6258442,8290532,4,5242616:1-385:22-374:220-1:925076-,5242616,5242616,5242616,5242616,no
rether.6_F_05,spotba,401315,3732984,4919150,2,3256466:1-385:21-374:180-1:401113-,3256466,3256466,3256466,3256466,yes
rether.6_F_07,spotba,482348,5937503,7859933,2,5364648:1-385:22-374:220-1:482105-,5364648,5364648,5364648,5364648,no
rether.6_F_08,spotba,6362625,11804115,23337919,2,5350983:1-385:22-374:220-1:6362382-,5350983,5350983,5350983,5350983,yes
rether.6_F_09,spotba,479746,5924788,7843444,2,5354535:1-385:22-374:220-1:479503-,5354535,5354535,5354535,5354535,no
rether.6_F_10,spotba,3030481,11815598,23397406,2,5350983:1-3256466:1-385:45-374:430-1:3030004-,5350983,8607449,8607449,8607449,yes
rether.6_T_02,spotba,560766,6002256,7923961,5,5350983:1-385:22-374:220-1:560523-,5350983,5350983,5350983,5350983,yes
rether.6_T_04,spotba,1394587,12277567,16221987,5,5350983:2-385:44-374:440-1:1394101-,5350983,10701966,10701966,10701966,yes
rether.6_T_06,spotba,879518,9652677,12761090,3,5350983:1-3256466:1-385:43-374:400-1:879073-,5350983,8607449,8607449,8607449,yes
rether.7_F_01,spotba,89485,4887739,5443741,4,4798255:1-1:89484-,4798255,4798255,4798255,4798255,no
rether.7_F_03,spotba,612112,5265593,5850764,4,4653482:1-1:612111-,4653482,4653482,4653482,4653482,no
rether.7_F_05,spotba,106600,3311724,3677484,2,3205046:1-80:1-1:106598-,3205046,3205046,3205046,3205046,yes
rether.7_F_07,spotba,2,4789678,5317468,2,4789677:1-1:1-,4789677,4789677,4789677,4789677,no
rether.7_F_09,spotba,2,4789409,5317199,2,4789408:1-1:1-,4789408,4789408,4789408,4789408,no
rether.7_F_10,spotba,1560704,9560767,15880554,2,4789408:1-3205046:1-468:11-80:6-1:1560685-,4789408,7994454,7994454,7994454,yes
rether.7_T_02,spotba,117085,4906492,5445870,5,4789408:1-1:117084-,4789408,4789408,4789408,4789408,yes
rether.7_T_04,spotba,579543,10158357,11282857,5,4789408:2-1:579541-,4789408,9578816,9578816,9578816,yes
rether.7_T_06,spotba,106601,8101132,9001582,3,4789408:1-3205046:1-80:1-1:106598-,4789408,7994454,7994454,7994454,yes
rether.7_T_08,spotba,4743470,9532877,15786260,2,4789408:1-1:4743469-,4789408,4789408,4789408,4789408,yes
szymanski.1_F_01,spotba,4,21339,60418,2,19923:1-716:1-675:1-25:1-1:0-,19923,19923,19923,0,no
szymanski.1_F_02,spotba,14823,39665,119080,2,18913:1-683:1-643:1-121:5-100:5-81:5-25:1-11:83-10:113-9:155-1:14453-,18913,18913,18913,0,yes
szymanski.1_F_04,spotba,4,20928,58477,2,19533:1-706:1-664:1-25:1-1:0-,19533,19533,19533,0,no
szymanski.1_F_05,spotba,15575,40512,168167,2,18913:1-683:1-643:1-121:5-100:5-81:5-25:1-11:88-10:118-9:155-1:15195-,18913,18913,18913,0,yes
szymanski.1_T_03,spotba,4,20810,58171,2,19423:1-701:1-661:1-25:1-1:0-,19423,19423,19423,0,no
szymanski.2_F_01,spotba,4,34031,97661,2,32366:1-823:1-817:1-25:1-1:0-,32366,32366,32366,0,no
szymanski.2_F_02,spotba,28401,62607,182642,2,30310:1-772:1-768:1-272:5-25:1-17:5-16:60-1:28327-,30310,30310,30310,0,yes
szymanski.2_F_04,spotba,4,36925,103141,2,35172:1-867:1-861:1-25:1-1:0-,35172,35172,35172,0,no
szymanski.2_T_03,spotba,4,34045,94709,2,32378:1-824:1-818:1-25:1-1:0-,32378,32378,32378,0,no
szymanski.2_T_05,spotba,31771,63642,250425,2,30310:1-772:1-768:1-25:1-1:31767-,30310,30310,30310,0,yes
szymanski.3_F_01,spotba,8,1180621,4472799,2,1087302:1-31771:1-29937:1-28790:1-979:1-930:1-883:1-29:1-1:0-,1087302,1177800,1177800,1087302,no
szymanski.3_F_02,spotba,735944,2217157,8925263,2,1039303:1-30314:1-28582:1-27518:1-2197:6-1728:6-1331:6-1000:6-940:1-892:1-846:1-169:210-144:254-121:300-100:360-29:1-13:2274-12:3279-11:4637-10:6924-1:717674-,1039303,1163253,1125717,1039303,yes
szymanski.3_F_04,spotba,8,1159485,4343031,2,1067849:1-31224:1-29399:1-28231:1-967:1-917:1-869:1-29:1-1:0-,1067849,1156703,1156703,1067849,no
szymanski.3_F_05,spotba,767430,2256707,12592249,2,1039303:1-30314:1-28582:1-27518:1-2197:6-1728:6-1331:6-1000:6-940:1-892:1-846:1-169:216-144:260-121:306-100:360-29:1-13:2399-12:3447-11:4850-10:6924-1:748636-,1039303,1163253,1125717,1039303,yes
szymanski.3_T_03,spotba,8,1154550,4326244,2,1063383:1-31042:1-29244:1-28114:1-960:1-912:1-866:1-29:1-1:0-,1063383,1151783,1151783,1063383,no
szymanski.4_F_01,spotba,8,2456816,9349540,2,2327033:1-45002:1-42384:1-39250:1-1086:1-1019:1-1013:1-29:1-1:0-,2327033,2456787,2453669,2327033,no
szymanski.4_F_02,spotba,2125890,4555287,17729530,2,2192089:1-42372:1-39756:1-36676:1-5814:6-1025:1-960:1-956:1-342:6-323:6-306:102-29:1-19:6-18:60-17:2778-1:2122918-,2192089,2346802,2310893,2192089,yes
szymanski.4_F_04,spotba,8,2686979,9976995,2,2546336:1-48536:1-46030:1-42774:1-1138:1-1071:1-1065:1-29:1-1:0-,2546336,2686950,2683676,2546336,no
szymanski.4_T_03,spotba,8,2456933,9087628,2,2327119:1-45012:1-42393:1-39259:1-1087:1-1020:1-1014:1-29:1-1:0-,2327119,2456904,2453783,2327119,no
szymanski.4_T_05,spotba,2306090,4619945,24186863,2,2192089:1-42372:1-39756:1-36676:1-1025:1-960:1-956:1-29:1-1:2306082-,2192089,2311918,2310893,2192089,yes
szymanski.5_F_01,spotba,16,82754712,393835427,2,75611275:1-1844091:1-1733862:1-1671937:1-1628236:1-47547:1-45122:1-43607:1-42849:1-41358:1-39993:1-1284:1-1227:1-1172:1-1119:1-33:1-1:0-,75611275,82754679,82749877,82489401,no
szymanski.5_F_04,spotba,16,81455974,383803352,2,74432558:1-1814485:1-1705707:1-1643235:1-1599130:1-46819:1-44403:1-42861:1-42139:1-40625:1-39239:1-1270:1-1212:1-1156:1-1102:1-33:1-1:0-,74432558,81455941,81451201,81195115,no
szymanski.5_T_03,spotba,16,81154537,382520400,2,74158756:1-1806498:1-1698291:1-1637163:1-1594188:1-46549:1-44166:1-42670:1-41931:1-40461:1-39115:1-1261:1-1205:1-1151:1-1099:1-33:1-1:0-,74158756,81154504,81149788,80894896,no
